ClienteID,Nombre,Apellido,email,NúmeroIdentidad,Teléfono,FechaNacimiento,TarjetaCredito
1,Ema,Espine,eespine0@de.vu,136691591-7,505-821-5536,7/23/1998,3.53821E+15
2,Aileen,Cissell,acissell1@webnode.com,924683794-0,421-862-6029,5/27/1992,3.03822E+13
3,Joella,Miquelet,jmiquelet2@skype.com,441901707-4,526-434-4995,04/04/1981,5.36641E+15
4,Orton,Lavers,olavers3@about.me,603622000-6,785-421-3186,9/13/1983,3.55825E+15
5,Onida,Van Arsdale,ovanarsdale4@tripod.com,480691491-6,812-989-6184,10/10/1985,6.33354E+15
6,Cosimo,Aingell,caingell5@examiner.com,275098353-3,889-958-5192,11/26/1983,3.54371E+15
7,Phil,Skydall,pskydall6@wired.com,338119698-7,994-816-0330,4/23/1983,3.58162E+15
8,Alex,Trumper,atrumper7@reuters.com,235112992-X,665-615-0818,9/16/1989,6.3332E+17
9,Althea,Coomer,acoomer8@google.fr,620189200-1,188-584-5177,04/12/1982,2.01628E+14
10,Theodora,McGruar,tmcgruar9@1und1.de,311754551-4,855-950-4970,6/30/1982,4.2509E+12
11,De witt,Prosch,dproscha@posterous.com,623196144-3,609-217-2350,12/08/1998,6.76745E+18
12,Byrle,Vasechkin,bvasechkinb@wunderground.com,608130517-1,706-440-0361,08/03/1993,3.56146E+15
13,Elissa,Hutfield,ehutfieldc@freewebs.com,344804500-4,779-724-5088,11/26/1997,5.60222E+15
14,Micky,Stables,mstablesd@kickstarter.com,419326041-0,310-364-7734,3/16/1988,5.00235E+15
15,Johann,Dow,jdowe@berkeley.edu,402698058-8,263-799-9890,11/01/1989,4.8441E+15
16,Doroteya,Mattheus,dmattheusf@wikispaces.com,685199593-X,534-773-6627,05/09/1989,3.53043E+15
17,Frederic,Catlette,fcatletteg@hugedomains.com,979852934-0,354-356-0499,6/24/1980,5.01867E+17
18,Ofilia,MacGiany,omacgianyh@bing.com,155685196-0,142-424-8822,10/10/1984,3.56397E+15
19,Saundra,Lowry,slowryi@home.pl,013180526-6,915-999-8470,12/27/1983,3.0192E+13
20,Caprice,Gleave,cgleavej@sourceforge.net,424543682-4,579-441-9324,2/25/2000,3.55842E+15
21,Betteann,Vinsen,bvinsenk@fastcompany.com,804527770-X,231-372-1489,8/23/1993,3.52994E+15
22,Camila,Gregine,cgreginel@nbcnews.com,195419635-0,866-890-0791,01/10/1981,4.175E+15
23,Rick,Pygott,rpygottm@freewebs.com,614515696-1,685-201-5561,4/13/1988,5.10014E+15
24,Sybila,Lovitt,slovittn@globo.com,267417494-3,507-281-7378,11/30/1982,4.90309E+17
25,Audrey,Menilove,ameniloveo@earthlink.net,228021596-9,308-438-7871,9/28/1992,3.5881E+15
26,Fair,Prettyjohns,fprettyjohnsp@nature.com,440469235-8,170-130-9663,2/23/1999,3.54051E+15
27,Zachary,Comar,zcomarq@php.net,685671157-3,794-324-9571,2/21/1983,3.55632E+15
28,Robbin,Broek,rbroekr@fda.gov,196827561-4,945-319-1838,1/25/1997,4.90363E+17
29,Bunni,Fittall,bfittalls@wordpress.org,295525483-5,107-563-1637,3/17/1981,3.55447E+15
30,Gib,Brunskill,gbrunskillt@wordpress.org,824038235-5,232-126-8620,10/12/1985,3.57133E+15
31,Jay,Clingan,jclinganu@census.gov,607759020-7,330-865-6521,11/06/1993,5.56411E+15
32,Allene,Camamile,acamamilev@icio.us,447428490-9,416-204-8036,8/28/1989,3.54681E+15
33,Jehu,Gapp,jgappw@ifeng.com,002637853-1,716-526-1559,11/04/1996,6.76382E+18
34,Vanna,Jagiela,vjagielax@163.com,017970883-X,662-767-2018,4/25/1986,3.54686E+15
35,Hubey,Bestwick,hbestwicky@e-recht24.de,081897991-7,651-765-6017,07/02/1987,3.60499E+13
36,Mandy,Mortell,mmortellz@theguardian.com,708866483-6,208-616-3244,12/22/1985,3.46056E+14
37,Almire,Wailes,awailes10@huffingtonpost.com,836881080-9,829-838-0168,2/25/1998,3.55596E+15
38,Linn,Dumbleton,ldumbleton11@friendfeed.com,634081987-7,425-877-8088,12/23/1994,6.33111E+18
39,Dacey,Dommerque,ddommerque12@skyrock.com,042990340-5,691-795-3795,3/24/1990,3.01164E+13
40,Dorolisa,Marston,dmarston13@fema.gov,822168048-6,216-534-2438,1/13/1992,6.77184E+18
41,Meghann,Golbourn,mgolbourn14@comsenz.com,581707137-1,751-927-5211,07/05/1993,2.01834E+14
42,Pepi,Give,pgive15@pagesperso-orange.fr,441160415-9,848-762-9939,05/07/1980,3.56806E+15
43,Sibella,Worsnup,sworsnup16@example.com,599306153-7,261-637-6715,11/11/1994,3.56245E+15
44,Friedrich,Cawston,fcawston17@theatlantic.com,763287333-3,109-132-7480,10/24/1982,3.54294E+15
45,Dermot,Layman,dlayman18@indiegogo.com,705584938-1,424-181-9312,5/24/1985,5.38618E+15
46,Niles,McKag,nmckag19@freewebs.com,397929133-2,720-218-5171,10/30/1990,4.02616E+15
47,Devlen,Binnall,dbinnall1a@wunderground.com,640185450-2,890-861-3826,11/14/2000,5.60221E+15
48,Phylis,Southan,psouthan1b@zimbio.com,371557859-9,587-331-2551,2/20/2000,3.45631E+14
49,Pacorro,Nutton,pnutton1c@nymag.com,069271577-0,926-114-2637,03/02/1999,3.54892E+15
50,Bradney,Deverille,bdeverille1d@irs.gov,576739003-7,766-454-8363,01/10/1998,3.53176E+15
51,Tremaine,Dael,tdael1e@mail.ru,500708882-X,520-278-7623,03/02/1985,3.56719E+15
52,Mathew,Henke,mhenke1f@answers.com,763552417-8,631-719-2046,12/29/1990,3.74623E+14
53,Fredia,Breissan,fbreissan1g@gnu.org,702268212-7,284-395-8070,10/22/1993,5.60225E+15
54,Donnie,Crosfield,dcrosfield1h@constantcontact.com,225569110-8,522-328-6241,9/16/1990,3.01707E+13
55,Melinda,Berzen,mberzen1i@linkedin.com,097366527-0,365-513-6163,08/05/1998,5.40617E+15
56,Agata,Jerrard,ajerrard1j@is.gd,467795242-6,633-761-5331,09/04/1988,3.57184E+15
57,Klemens,Hacksby,khacksby1k@sogou.com,027256088-X,917-831-3804,07/09/1997,3.53492E+15
58,Morgen,Howlett,mhowlett1l@smh.com.au,272197160-3,315-564-0120,07/02/1998,3.57246E+15
59,Bron,Quodling,bquodling1m@uiuc.edu,201630448-0,371-944-9836,10/10/1986,6.37059E+15
60,Sander,Skiplorne,sskiplorne1n@topsy.com,471164113-0,151-529-2926,10/25/1992,6.77199E+16
61,Philippine,Labrom,plabrom1o@nbcnews.com,389319823-7,998-968-2073,11/04/1998,3.57971E+15
62,Nada,Cribbins,ncribbins1p@imdb.com,061072052-X,232-353-5247,7/13/1998,5.01013E+15
63,Malissa,Stothert,mstothert1q@jigsy.com,685450581-X,514-965-1942,12/27/1984,5.64183E+18
64,Brian,Hatt,bhatt1r@amazonaws.com,783294635-0,694-855-7033,7/31/2000,3.53755E+15
65,Abelard,Moule,amoule1s@berkeley.edu,153568676-6,425-219-4069,06/05/1986,3.70968E+14
66,Isidora,Wetter,iwetter1t@statcounter.com,412028501-4,796-287-9133,10/27/1982,2.01931E+14
67,Holly,Kleinsmuntz,hkleinsmuntz1u@disqus.com,244493023-1,702-853-9899,06/01/1996,5.60222E+16
68,Guthrie,Hayes,ghayes1v@globo.com,391072076-5,171-727-6516,8/23/1987,6.76271E+15
69,Anatol,Bang,abang1w@hubpages.com,209773177-5,741-292-1999,9/24/1994,3.56302E+15
70,Ally,Jansik,ajansik1x@taobao.com,871006744-2,884-270-6021,7/14/1981,5.60224E+16
71,Lavinie,Osbaldeston,losbaldeston1y@ameblo.jp,727102331-3,587-116-4172,07/05/1997,5.60223E+17
72,Sebastien,Clapson,sclapson1z@amazon.com,626033399-4,274-483-5715,1/23/1989,5.61016E+15
73,Tanney,Lembke,tlembke20@jugem.jp,151915265-5,735-755-1723,4/26/1990,5.60223E+15
74,Catina,Hartmann,chartmann21@technorati.com,185485145-4,627-567-8928,10/31/1980,4.01796E+12
75,Jacinda,Deary,jdeary22@example.com,596858560-9,522-147-2802,06/03/2000,3.72302E+14
76,Hedi,Barkhouse,hbarkhouse23@ca.gov,419516995-X,337-367-6925,8/23/1994,4.90376E+17
77,Chrotoem,Cromar,ccromar24@utexas.edu,941547666-4,106-985-1656,8/30/1999,4.04159E+15
78,Milo,Goater,mgoater25@japanpost.jp,557297852-3,267-156-0499,2/14/1998,5.60225E+15
79,Kendall,Landsborough,klandsborough26@so-net.ne.jp,891613312-2,255-215-4747,02/11/1997,3.58646E+15
80,Blinny,Skellington,bskellington27@vk.com,411364759-3,356-655-4658,12/11/1984,3.58508E+15
81,Anthea,Rummery,arummery28@reference.com,970681214-8,804-503-8024,02/02/1982,3.54723E+15
82,Margo,Oliver,moliver29@sohu.com,617903601-2,552-912-7745,7/21/1994,3.56982E+15
83,Gale,Laslett,glaslett2a@booking.com,792107069-8,345-869-8425,10/06/1985,4.91112E+18
84,Herbie,Blazejewski,hblazejewski2b@ft.com,768472329-4,673-767-8596,5/30/1989,3.00389E+13
85,Artus,Ateridge,aateridge2c@theguardian.com,803032933-4,491-583-6103,11/14/1993,5.01842E+17
86,Dore,Hasnip,dhasnip2d@newyorker.com,513172177-6,255-846-0304,11/29/1989,3.53289E+15
87,Ashbey,Ringe,aringe2e@123-reg.co.uk,860848718-7,516-275-0317,05/04/1989,5.59E+15
88,Max,Hawkey,mhawkey2f@columbia.edu,511180220-7,565-944-5182,01/11/1990,2.01988E+14
89,Weston,Baldini,wbaldini2g@prnewswire.com,559958278-7,452-976-7755,08/03/1990,6.33404E+15
90,Willette,Messom,wmessom2h@washington.edu,252619884-4,372-493-0895,07/05/2000,5.60224E+15
91,Ermentrude,Yellop,eyellop2i@un.org,768874139-4,370-743-1855,7/27/1997,3.56026E+15
92,Basilio,Whitmore,bwhitmore2j@uiuc.edu,901723333-8,986-717-4671,4/13/1991,3.54443E+15
93,Lita,Mitkcov,lmitkcov2k@noaa.gov,889522302-0,376-429-2886,1/20/1991,3.53452E+15
94,Bryanty,Favel,bfavel2l@hao123.com,161645845-3,851-919-4492,5/16/1981,3.54068E+15
95,Robby,Mottershead,rmottershead2m@github.com,724961330-8,931-551-0003,6/14/1993,3.58435E+15
96,Jasmine,Daouse,jdaouse2n@umn.edu,186146636-6,421-525-8584,10/05/1983,3.58706E+15
97,Ichabod,Barnhart,ibarnhart2o@fotki.com,633651030-1,803-343-4329,10/14/1996,5.89308E+15
98,Giorgi,Wyer,gwyer2p@ustream.tv,968881552-7,683-179-1682,07/11/1994,3.58295E+15
99,Oren,Lockier,olockier2q@is.gd,730523091-X,412-369-2407,11/27/1992,3.57586E+15
100,Julius,Rotlauf,jrotlauf2r@time.com,245997498-1,294-426-2286,3/30/1992,3.55711E+15
101,Christophe,Bayfield,cbayfield2s@twitter.com,927177213-X,384-374-3284,03/11/1989,3.04926E+13
102,Carmencita,Pettyfar,cpettyfar2t@sitemeter.com,361575733-5,437-298-6892,08/06/1994,5.02042E+17
103,Linus,Rippon,lrippon2u@sourceforge.net,394801991-6,310-703-2179,7/31/1985,6.70671E+18
104,Douglass,Flipsen,dflipsen2v@about.me,460730148-5,760-347-3647,8/14/1994,6.37688E+15
105,Wilmar,Brotherhood,wbrotherhood2w@harvard.edu,110321489-6,163-620-0090,9/15/1986,3.56172E+15
106,Britt,MacDermott,bmacdermott2x@instagram.com,867886779-5,913-411-6195,4/26/1997,3.57776E+15
107,Bernette,Thickins,bthickins2y@symantec.com,230960265-5,337-388-7835,08/01/1982,3.53349E+15
108,Billy,Snalum,bsnalum2z@acquirethisname.com,727833994-4,493-440-5390,7/16/1994,5.15091E+15
109,Lebbie,Fonteyne,lfonteyne30@ow.ly,300164976-3,537-294-9933,05/05/1988,5.10875E+15
110,Ilyse,Hasel,ihasel31@shareasale.com,858852072-9,669-902-3368,11/06/1991,5.60223E+15
111,Cami,Lowell,clowell32@apple.com,416992628-5,846-503-5699,12/21/1985,3.54516E+15
112,Lonny,Solomonides,lsolomonides33@harvard.edu,187191142-7,219-549-6015,7/29/1980,5.60223E+17
113,Abbot,Borsay,aborsay34@ocn.ne.jp,074986648-9,183-203-6843,12/28/1980,5.60222E+15
114,Bobbi,Joseff,bjoseff35@taobao.com,237084962-2,282-253-3413,03/07/1982,3.74284E+14
115,Cordy,Di Baudi,cdibaudi36@acquirethisname.com,409242822-7,229-600-9844,7/30/1983,3.04439E+13
116,Wendeline,Ridler,wridler37@census.gov,112639464-5,700-668-3693,6/21/1997,3.66472E+13
117,Kendell,Medley,kmedley38@mlb.com,712268189-0,939-451-7067,8/26/2000,4.04159E+15
118,Elden,Nortcliffe,enortcliffe39@ustream.tv,551061267-3,551-830-1606,8/29/2000,5.57558E+15
119,Jonathon,Rocks,jrocks3a@dropbox.com,826585868-X,867-662-5406,4/20/1994,3.58684E+15
120,Tawsha,Behrend,tbehrend3b@zdnet.com,774041924-9,121-409-2539,9/24/1980,3.57838E+15
121,Ethelda,Povall,epovall3c@google.cn,063646870-4,370-771-9105,7/15/1993,3.55223E+15
122,Sallie,Lemm,slemm3d@desdev.cn,700038362-3,904-744-7895,5/18/1995,3.57787E+15
123,Blakelee,Le Grice,blegrice3e@foxnews.com,159323571-2,915-149-8300,10/17/2000,3.53151E+15
124,Pearl,Bentote,pbentote3f@vk.com,593002640-8,635-792-7742,10/22/1994,3.53714E+15
125,Monti,Leyburn,mleyburn3g@lycos.com,057647766-4,904-643-6907,7/18/1984,3.74289E+14
126,Yoshi,Lubman,ylubman3h@adobe.com,434155441-7,543-732-2145,09/10/1980,3.57242E+15
127,Fancy,Lindegard,flindegard3i@illinois.edu,098826211-8,366-113-5872,10/14/2000,3.58673E+15
128,Anna-diane,Creane,acreane3j@bloglovin.com,420186405-7,832-187-7621,9/22/1999,3.57331E+15
129,Jeffrey,Hansana,jhansana3k@dropbox.com,125108621-7,564-712-6015,08/08/1999,5.02097E+18
130,Enrique,Brahams,ebrahams3l@webeden.co.uk,115847788-0,606-919-8043,5/30/1988,3.54558E+15
131,Euell,Bareham,ebareham3m@cdbaby.com,031130648-9,737-423-4507,2/16/1984,6.70953E+18
132,Bartolomeo,Thorrold,bthorrold3n@cisco.com,019804958-7,965-469-3079,5/18/1987,5.60226E+16
133,Marie-ann,Aps,maps3o@biblegateway.com,600601507-2,583-920-3707,5/15/1990,4.90557E+15
134,Zedekiah,McLenahan,zmclenahan3p@hibu.com,437373902-1,216-428-0312,12/29/1997,5.60225E+18
135,Kristoffer,Cadge,kcadge3q@sakura.ne.jp,336365270-4,256-216-1895,1/20/1991,5.64183E+17
136,Simonette,Cuckoo,scuckoo3r@dot.gov,265710628-5,184-862-1752,9/16/1981,3.55473E+15
137,Lettie,Scough,lscough3s@gnu.org,961075866-5,147-253-4409,4/18/1990,4.50803E+15
138,Seward,Monnery,smonnery3t@yandex.ru,175975029-8,564-722-8958,08/07/1983,5.60225E+15
139,Myrtie,Cleary,mcleary3u@google.ca,466137913-6,695-329-8100,3/28/1985,4.04137E+12
140,Ferdinande,Amdohr,famdohr3v@webeden.co.uk,009964335-9,907-175-9008,5/23/1997,3.68409E+13
141,Malchy,Bowmer,mbowmer3w@sakura.ne.jp,104925746-4,124-420-2428,10/12/1983,3.02975E+13
142,Eustace,Olliar,eolliar3x@timesonline.co.uk,645834633-6,578-133-3702,2/19/1994,6.70671E+17
143,Jeffrey,Whear,jwhear3y@technorati.com,925814477-5,282-733-3766,10/04/1981,3.05848E+13
144,Keefe,Cremen,kcremen3z@amazon.com,781307401-7,249-145-6210,6/25/1992,4.90536E+15
145,Pauline,Clapham,pclapham40@omniture.com,067115202-5,405-468-1506,9/20/1990,3.56355E+15
146,Doll,Sidnall,dsidnall41@cloudflare.com,902740590-5,237-260-2258,12/12/1987,3.55683E+15
147,Marilyn,Patel,mpatel42@msn.com,060505798-2,421-716-8032,5/15/1991,3.58634E+15
148,Putnem,Doddrell,pdoddrell43@nationalgeographic.com,618247090-9,960-821-9520,4/23/1995,4.27564E+12
149,Ban,Angeau,bangeau44@bravesites.com,817941430-2,462-847-5092,7/27/1993,5.89344E+18
150,Tallou,Rouke,trouke45@reference.com,387438326-1,729-703-6973,8/19/1988,3.0481E+13
151,Billi,Hurren,bhurren46@live.com,525104718-5,989-750-9805,05/05/1992,5.10018E+15
152,Vivian,Acom,vacom47@msu.edu,402379353-1,559-780-7817,10/21/1980,3.5741E+15
153,Bruce,Japp,bjapp48@umn.edu,029975559-2,711-469-9988,07/11/1982,6.7635E+17
154,Debera,MacNess,dmacness49@marketwatch.com,503286796-9,364-457-7626,09/02/1996,6.30437E+16
155,Amandy,Huxter,ahuxter4a@wsj.com,790199809-1,346-650-0887,02/11/1991,3.5435E+15
156,Gaye,Bruhnke,gbruhnke4b@java.com,951270502-8,287-697-7380,8/31/1995,3.37941E+14
157,Sansone,Grishanin,sgrishanin4c@moonfruit.com,741457077-0,868-976-5553,07/10/1985,3.5778E+15
158,Elana,Garwell,egarwell4d@ask.com,006497173-2,140-455-9143,4/27/1999,3.55486E+15
159,Krista,Kelsell,kkelsell4e@auda.org.au,189882561-0,733-910-0741,8/23/1997,5.26213E+15
160,Armin,Nesbeth,anesbeth4f@cam.ac.uk,470831890-1,560-884-1653,02/04/1992,6.76259E+15
161,Rena,Pitrasso,rpitrasso4g@newyorker.com,039101918-X,522-265-3984,03/12/1984,3.55777E+15
162,Jerrylee,Bangs,jbangs4h@un.org,366118556-X,921-364-3806,03/10/1985,4.04137E+12
163,Fraze,Helbeck,fhelbeck4i@bloglovin.com,292221403-6,886-404-9914,2/27/1985,3.53019E+15
164,Timothea,Masi,tmasi4j@pcworld.com,175588621-7,751-229-1264,6/29/1989,5.89347E+17
165,Alec,Coslitt,acoslitt4k@digg.com,492184348-1,477-136-5439,09/09/1993,4.02685E+15
166,Ripley,Fannon,rfannon4l@nhs.uk,353193590-9,600-948-1127,5/29/1990,6.39899E+15
167,Papageno,Harbach,pharbach4m@blogspot.com,346803009-6,315-701-7517,1/26/1983,6.76772E+18
168,Daveta,Labbey,dlabbey4n@cbc.ca,949180862-1,855-828-9688,2/15/1983,3.56669E+15
169,Chrissie,Chominski,cchominski4o@imgur.com,062739824-3,109-410-9331,8/23/1981,3.58403E+15
170,Pamela,Bottini,pbottini4p@sphinn.com,204118140-0,516-588-9195,6/16/1999,2.01683E+14
171,Leonard,Campes,lcampes4q@blogspot.com,637455529-5,317-970-6254,12/31/1985,2.0145E+14
172,Libbi,Boxell,lboxell4r@phpbb.com,336871847-9,783-871-8675,10/31/1989,3.58433E+15
173,Bunni,Joe,bjoe4s@pbs.org,422534682-X,131-297-5793,03/05/2000,5.61098E+17
174,Bald,Dradey,bdradey4t@miibeian.gov.cn,877527444-2,512-233-5476,01/09/1985,5.42048E+15
175,Desmund,Maggill'Andreis,dmaggillandreis4u@slideshare.net,499282076-X,445-442-5688,5/26/1995,3.57315E+15
176,Fairfax,Bagehot,fbagehot4v@ted.com,149644603-8,853-694-2951,5/25/1984,5.02093E+15
177,Antonin,Aireton,aaireton4w@archive.org,524798751-9,109-388-0708,3/29/1989,3.03127E+13
178,Montague,Venes,mvenes4x@w3.org,787619126-6,560-645-1240,08/06/1984,6.76759E+17
179,Rosemonde,MacCostye,rmaccostye4y@meetup.com,384046824-8,698-432-4627,3/15/1993,2.01698E+14
180,Philbert,Hoffner,phoffner4z@over-blog.com,917885268-4,143-906-8420,03/08/1984,6.7061E+18
181,Selby,Yakobovicz,syakobovicz50@feedburner.com,135188135-3,538-574-7016,8/24/1984,3.5702E+15
182,Kevan,Calafate,kcalafate51@unicef.org,693948337-3,913-236-6778,6/25/1992,3.02944E+13
183,Heda,Reckless,hreckless52@archive.org,286701397-6,349-410-6547,10/09/1995,6.70919E+17
184,Ulberto,Delany,udelany53@usda.gov,537567477-7,954-317-8520,5/15/1984,6.75964E+17
185,Kelly,Clapp,kclapp54@hp.com,953243387-2,453-418-1306,01/10/1998,3.74283E+14
186,Gerianna,Balbeck,gbalbeck55@netscape.com,151777148-X,568-986-2270,09/06/1987,5.01013E+15
187,Roch,Yelyashev,ryelyashev56@wikispaces.com,896812420-5,354-811-9311,06/08/1985,5.03804E+18
188,Lombard,Muscat,lmuscat57@senate.gov,819627735-0,510-926-0481,3/26/1984,3.53068E+15
189,Murial,Grubb,mgrubb58@oakley.com,151904208-6,999-489-0018,08/10/1988,3.58595E+15
190,Kimmie,Rickaby,krickaby59@businessweek.com,511075790-9,975-779-2897,02/04/1996,5.10876E+15
191,Sauncho,Flippen,sflippen5a@hatena.ne.jp,860693570-0,815-358-6630,2/22/1986,3.52976E+15
192,Lina,Stanmer,lstanmer5b@opensource.org,203647017-3,359-506-0576,05/06/1988,2.01419E+14
193,Vladamir,Fallow,vfallow5c@tinypic.com,204511926-2,834-426-2579,11/27/1985,3.56318E+15
194,Petey,Larver,plarver5d@angelfire.com,405193835-2,980-128-4045,1/18/1987,3.56544E+15
195,Augusta,Phair,aphair5e@yandex.ru,412112139-2,780-455-5196,03/08/1995,5.60224E+15
196,Marjory,Tombleson,mtombleson5f@bbc.co.uk,636430795-7,489-859-1217,8/27/1982,3.57076E+15
197,Marja,Brantl,mbrantl5g@photobucket.com,958323007-3,461-601-9016,11/20/1990,3.05353E+13
198,Carlee,Linner,clinner5h@cmu.edu,340413206-8,453-841-5036,03/06/1985,5.45639E+15
199,Curr,De Gogay,cdegogay5i@mozilla.com,341761084-2,625-168-6542,7/26/1997,4.02658E+15
200,Guinna,Drewet,gdrewet5j@army.mil,159018068-2,495-942-3311,1/15/1989,5.60224E+18
201,Kass,Winchester,kwinchester5k@scientificamerican.com,278518076-3,947-727-3022,4/18/1993,5.45951E+15
202,Leonard,Cubbini,lcubbini5l@latimes.com,171517698-7,901-159-2212,4/19/1982,3.56566E+15
203,Cyrille,Caddies,ccaddies5m@blinklist.com,297867180-7,709-841-2587,11/02/1992,3.55493E+15
204,Rafaellle,Coal,rcoal5n@shop-pro.jp,327455874-5,987-880-3779,10/07/1991,5.89349E+16
205,Jacques,Ducket,jducket5o@ox.ac.uk,285365029-4,977-698-4430,06/01/1987,3.53881E+15
206,Leigha,Readitt,lreaditt5p@redcross.org,486782495-X,669-354-9973,1/16/1982,2.01596E+14
207,Darell,Bootell,dbootell5q@umich.edu,278795338-7,875-967-1383,08/06/1983,3.53107E+15
208,Waldon,Cussons,wcussons5r@ycombinator.com,880936617-4,271-184-4176,12/26/1985,3.57337E+15
209,Alexandro,Marshall,amarshall5s@yahoo.com,294417400-2,667-668-3844,10/28/1987,3.54037E+15
210,Temple,Storch,tstorch5t@cbsnews.com,953647543-X,649-760-0780,8/19/1980,3.5609E+15
211,Auberta,Giocannoni,agiocannoni5u@vk.com,980155780-X,190-325-7061,5/28/1987,3.01543E+13
212,Ignace,Peare,ipeare5v@etsy.com,899333599-0,490-890-4252,10/29/1989,6.33475E+15
213,Merv,Ingarfill,mingarfill5w@aol.com,951699917-4,875-694-8450,2/27/1986,3.54299E+15
214,Tyrone,Lunny,tlunny5x@earthlink.net,509478912-0,830-610-3774,4/13/1997,3.55606E+15
215,Salaidh,Jerzycowski,sjerzycowski5y@chronoengine.com,260444137-3,631-363-3970,4/19/1983,4.90518E+17
216,Zacherie,Erdely,zerdely5z@tripod.com,190578679-4,433-266-3058,1/30/1982,3.55423E+15
217,Donetta,Pear,dpear60@vistaprint.com,367942960-6,772-856-2656,2/25/1999,6.7679E+18
218,Marwin,Mcettrick,mmcettrick61@tmall.com,922530766-7,977-180-8969,11/26/1992,3.01501E+13
219,Bruce,Clineck,bclineck62@friendfeed.com,996639007-3,158-293-6605,6/13/1999,4.91712E+15
220,Ingar,Bertelet,ibertelet63@wix.com,947569240-1,653-531-9266,08/09/1983,3.53942E+15
221,Emmeline,Woltman,ewoltman64@csmonitor.com,362246333-3,181-500-1080,06/07/1992,6.37867E+15
222,Rickie,Sunman,rsunman65@ft.com,535353261-9,964-189-7060,8/28/1989,3.5408E+15
223,Emmalyn,Ghirardi,eghirardi66@trellian.com,616757722-6,176-845-4366,03/10/2000,5.43207E+15
224,Gertie,Capron,gcapron67@comsenz.com,352133825-8,516-639-3166,5/29/1981,5.60223E+18
225,Sheilah,Linne,slinne68@apple.com,915779608-4,829-993-1310,3/23/1980,3.53445E+15
226,Sansone,Choak,schoak69@ameblo.jp,970941008-3,321-777-4857,03/04/2000,3.58328E+15
227,Meggy,Quixley,mquixley6a@ca.gov,699732245-X,971-765-2260,12/27/1997,3.53551E+15
228,Kathryn,McBay,kmcbay6b@csmonitor.com,237210361-X,188-938-4037,3/16/1984,3.05688E+13
229,Kerby,Unitt,kunitt6c@technorati.com,348086736-7,518-318-5936,3/18/1991,2.01642E+14
230,Penny,Screase,pscrease6d@cdbaby.com,756450379-3,102-905-2467,10/09/1982,3.53497E+15
231,Korrie,Breheny,kbreheny6e@princeton.edu,472374988-8,962-907-1998,06/06/2000,3.5488E+15
232,Petunia,Pittendreigh,ppittendreigh6f@pcworld.com,577168033-8,926-702-8504,11/14/1999,6.76757E+18
233,Roderich,Scriven,rscriven6g@live.com,644408655-8,207-343-6770,2/14/1990,3.56319E+15
234,Dorian,Eginton,deginton6h@netlog.com,294329095-5,757-734-5852,7/22/1988,3.53387E+15
235,Rabbi,Meachem,rmeachem6i@devhub.com,750279297-X,380-943-3261,1/19/1994,6.70622E+15
236,Gonzalo,O'Feeney,gofeeney6j@google.de,834844925-6,135-139-2752,12/22/1986,3.56923E+15
237,Halsey,Lampett,hlampett6k@apple.com,170591046-7,798-187-5910,01/01/1997,3.56261E+15
238,Stanislaw,Venn,svenn6l@dedecms.com,995236668-X,311-700-6962,01/10/1994,3.58363E+15
239,Veriee,Pridmore,vpridmore6m@ihg.com,661508742-1,836-221-2085,10/08/1998,5.00766E+15
240,Virgie,Tomasutti,vtomasutti6n@unc.edu,060779651-0,110-864-8852,8/27/1999,5.60224E+15
241,Adham,Blunt,ablunt6o@apple.com,945190587-1,662-628-5646,7/18/1982,3.55345E+15
242,Martica,Powderham,mpowderham6p@cdbaby.com,076270334-2,905-917-8155,09/01/1985,3.02382E+13
243,Delcina,Osban,dosban6q@npr.org,137967366-6,362-813-4254,11/05/1980,4.90594E+17
244,Emmit,Geraldini,egeraldini6r@bandcamp.com,024104887-7,831-288-7478,5/22/1980,3.54439E+15
245,Zenia,Fellows,zfellows6s@army.mil,805338211-8,617-764-6285,3/13/2000,3.58813E+15
246,Saxon,Vakhrushin,svakhrushin6t@jimdo.com,357273281-6,680-688-5557,5/18/1984,3.5868E+15
247,Angel,Buckham,abuckham6u@google.es,104617759-1,138-390-3364,12/31/1988,5.60224E+15
248,Erena,Coursor,ecoursor6v@topsy.com,926169075-0,170-781-1926,7/25/1980,3.00733E+13
249,Aluino,Shwalbe,ashwalbe6w@baidu.com,224653952-8,789-564-0320,2/24/1997,3.56E+15
250,Cornelia,Boylin,cboylin6x@sourceforge.net,869911736-1,404-448-3861,08/12/1987,3.37941E+14
251,Zarah,Younghusband,zyounghusband6y@mediafire.com,085251602-9,630-617-1903,10/03/2000,3.56968E+15
252,Sargent,Cranstone,scranstone6z@techcrunch.com,170812471-3,145-204-9512,06/10/1984,3.55907E+15
253,Amalia,Schowenburg,aschowenburg70@example.com,849453724-5,718-474-6242,6/19/1982,3.52964E+15
254,Corena,Ganders,cganders71@wp.com,634243849-8,777-371-1769,1/25/1985,5.01802E+17
255,Malena,Oxlade,moxlade72@over-blog.com,993374234-5,525-460-8981,08/04/1997,2.01438E+14
256,Angelle,Hurlestone,ahurlestone73@weibo.com,111231924-7,470-894-2566,1/24/1997,3.55041E+15
257,Ethelind,Kohnemann,ekohnemann74@goo.gl,787512994-X,755-400-2077,12/28/1999,3.56095E+15
258,Dion,McCandie,dmccandie75@google.es,262024947-3,453-317-7130,6/14/1994,2.01605E+14
259,Gale,Sutterby,gsutterby76@comcast.net,835129925-1,841-171-3109,06/09/1989,3.00909E+13
260,Desiree,Allport,dallport77@amazon.de,595057120-7,228-968-6829,01/09/1991,3.03782E+13
261,Phillis,Ballham,pballham78@biglobe.ne.jp,755883380-9,753-586-6928,11/18/1985,5.01869E+16
262,Patsy,Welch,pwelch79@stanford.edu,698678105-9,170-495-0042,12/16/1985,5.44212E+15
263,Emylee,Moukes,emoukes7a@de.vu,412217426-0,575-207-5940,06/07/1987,3.5699E+15
264,Thaine,Brearley,tbrearley7b@qq.com,049586702-0,914-552-5091,4/18/1999,3.55066E+15
265,Amber,Kerbey,akerbey7c@themeforest.net,461712822-0,612-200-6346,10/06/1980,6.76725E+18
266,Terri,Thurston,tthurston7d@addthis.com,516842741-3,770-640-6353,08/08/1994,6.70632E+17
267,Claudelle,Grestie,cgrestie7e@hp.com,539529224-1,771-987-3406,9/16/1997,3.56841E+15
268,Vanna,Libbe,vlibbe7f@goo.ne.jp,064263992-2,529-484-6032,02/04/1982,3.53714E+15
269,Cloris,Goldney,cgoldney7g@economist.com,619345032-7,505-713-6470,10/21/1989,6.04802E+14
270,Nobe,Fardoe,nfardoe7h@multiply.com,051659740-X,588-837-0250,4/18/1984,3.74288E+14
271,Gwynne,Petrishchev,gpetrishchev7i@flickr.com,743071561-3,300-942-4850,11/09/1994,3.54689E+15
272,Clive,Bradford,cbradford7j@nyu.edu,972905949-7,890-824-7650,12/08/1982,4.91182E+15
273,Meridel,Ormston,mormston7k@usda.gov,062630545-4,214-377-1440,07/10/1988,3.53007E+15
274,Albina,Monelle,amonelle7l@slashdot.org,990153534-4,902-929-4445,12/18/1995,3.56011E+15
275,Grenville,Darkins,gdarkins7m@ihg.com,063465130-7,829-248-7179,06/02/1981,4.90514E+15
276,Humbert,Stimson,hstimson7n@barnesandnoble.com,860237105-5,826-879-9292,10/05/2000,3.5336E+15
277,Marcia,Duferie,mduferie7o@oaic.gov.au,829994966-1,520-436-5012,07/01/1987,3.58757E+15
278,Chicky,Wickson,cwickson7p@homestead.com,914626797-2,852-252-5641,08/02/1990,4.43976E+15
279,Flossy,Eyer,feyer7q@eepurl.com,237489354-5,351-925-5121,9/23/1987,4.9056E+18
280,Leonerd,McLice,lmclice7r@wiley.com,473435102-3,505-431-5815,8/26/1983,5.61006E+18
281,Ruttger,Cutchie,rcutchie7s@about.me,003465686-3,731-907-8481,09/07/1991,3.57382E+15
282,Orelie,Jozefiak,ojozefiak7t@so-net.ne.jp,297089222-7,946-829-0222,3/17/1993,5.19919E+15
283,Yorker,Cubbini,ycubbini7u@posterous.com,816940229-8,719-627-8061,08/06/1998,4.90338E+17
284,Delinda,Buzine,dbuzine7v@smh.com.au,732149048-3,129-524-6285,5/17/1987,4.46241E+15
285,Ethyl,Walklate,ewalklate7w@cdbaby.com,402167698-8,541-619-4242,6/24/1986,5.60222E+15
286,Deirdre,Earle,dearle7x@umn.edu,954276220-8,167-743-4418,08/06/1987,6.3045E+18
287,Roddy,Crosthwaite,rcrosthwaite7y@sakura.ne.jp,268878404-8,792-988-0394,6/20/1982,3.72301E+14
288,Lilias,Breissan,lbreissan7z@wunderground.com,162913531-3,702-653-7100,9/28/1987,3.05992E+13
289,Mag,Castagna,mcastagna80@miibeian.gov.cn,217092336-5,501-549-7854,7/21/1980,5.60225E+18
290,Keene,Diemer,kdiemer81@exblog.jp,098234438-4,283-108-7983,11/07/1984,5.60225E+15
291,Vanni,Sweedy,vsweedy82@marketwatch.com,530753188-5,485-868-3466,9/29/1990,6.75973E+15
292,Jermaine,McNally,jmcnally83@liveinternet.ru,671319758-2,804-556-1565,02/06/1987,4.84494E+15
293,Maureene,Lorain,mlorain84@time.com,747343723-2,616-619-2045,7/19/1997,5.00236E+15
294,Redford,Labon,rlabon85@wired.com,075646700-4,360-236-1318,6/27/1989,5.61052E+15
295,Kristina,Vian,kvian86@samsung.com,556450496-8,728-694-4453,5/23/1993,3.56331E+15
296,Billie,Pedrick,bpedrick87@nbcnews.com,392949837-5,880-627-5129,05/10/1996,3.55793E+15
297,Dexter,Candelin,dcandelin88@miibeian.gov.cn,496035594-8,105-271-5517,2/28/1981,3.57515E+15
298,Vivyanne,Larkins,vlarkins89@pen.io,702479975-7,485-744-4170,09/03/1995,2.01675E+14
299,Nikaniki,Filasov,nfilasov8a@bigcartel.com,291045718-4,721-196-9602,03/10/1994,3.58736E+15
300,Forbes,Aicken,faicken8b@joomla.org,570371958-5,597-146-9243,06/10/1992,6.30411E+16
301,Lorna,Featherby,lfeatherby8c@blogtalkradio.com,610383661-1,656-137-6800,01/03/1999,3.55448E+15
302,Stace,Mullis,smullis8d@google.co.uk,192103818-7,925-188-3459,12/16/1986,5.03805E+16
303,Brooks,Hunday,bhunday8e@miibeian.gov.cn,705577383-0,540-722-4255,06/09/2000,3.04096E+13
304,Neely,O'Dennehy,nodennehy8f@sourceforge.net,700439530-8,838-161-5635,03/11/1996,4.04137E+12
305,Gerry,Youngs,gyoungs8g@alexa.com,449458134-8,695-426-1143,10/24/1984,3.58602E+15
306,Frances,Santello,fsantello8h@redcross.org,199832305-6,299-838-3826,5/16/1983,5.19789E+15
307,Verne,Abarough,vabarough8i@intel.com,191127500-3,674-416-3206,5/28/1994,3.57252E+15
308,Shawna,Alans,salans8j@bbb.org,361821750-1,308-273-3205,10/24/1989,3.53589E+15
309,Demetris,Kingescot,dkingescot8k@is.gd,594731747-8,527-240-8123,10/10/1998,4.90328E+17
310,Cesare,Riccardini,criccardini8l@amazon.co.jp,520170433-6,250-424-2423,11/30/1980,5.21077E+15
311,Martita,Cordon,mcordon8m@reference.com,281310521-X,346-389-6463,09/08/1988,4.40512E+15
312,Zachary,Cash,zcash8n@gmpg.org,934260057-3,877-991-1802,11/30/1988,5.31477E+15
313,Seka,Joddens,sjoddens8o@sciencedaily.com,082711352-8,641-280-1353,8/14/2000,5.10876E+15
314,Crystie,Presman,cpresman8p@theglobeandmail.com,999459575-X,671-546-2183,12/18/1995,3.01627E+13
315,Dalila,Zorzini,dzorzini8q@hud.gov,712700227-4,969-747-4704,7/15/1997,3.56118E+15
316,Gram,Beel,gbeel8r@oaic.gov.au,155694703-8,838-822-2951,7/20/1987,3.56279E+15
317,Nike,Titterrell,ntitterrell8s@is.gd,891443609-8,314-568-3418,8/28/1993,3.55655E+15
318,Filbert,Jahndel,fjahndel8t@opera.com,399539478-7,741-488-7139,10/29/1985,6.39961E+15
319,Arda,Iggalden,aiggalden8u@meetup.com,358034739-X,513-680-6317,11/11/1981,3.56309E+15
320,Marwin,Jacox,mjacox8v@moonfruit.com,390465886-7,941-993-4110,3/28/1985,3.70674E+14
321,Eunice,Mille,emille8w@businessweek.com,820009816-8,912-862-1048,3/31/1985,5.60225E+15
322,Sharline,Attrey,sattrey8x@istockphoto.com,937942747-6,718-388-6637,5/24/1987,4.90581E+18
323,Olivero,Nation,onation8y@chron.com,438896467-0,133-594-6724,02/07/1993,6.76214E+17
324,Guthry,Bale,gbale8z@desdev.cn,129954375-8,405-686-6947,12/29/1989,3.5487E+15
325,Gussie,Boundley,gboundley90@thetimes.co.uk,875339127-6,962-886-4649,5/19/1995,3.57625E+15
326,Jilleen,Gillison,jgillison91@google.co.uk,250732389-2,230-287-6382,06/01/1983,3.52925E+15
327,Danella,Devall,ddevall92@google.pl,316594389-3,725-786-7850,6/19/1996,3.72302E+14
328,Adam,Khotler,akhotler93@gmpg.org,442243550-7,466-907-5972,08/10/1993,3.58954E+15
329,Kayley,McEntegart,kmcentegart94@marriott.com,157266381-2,858-336-9023,05/06/2000,5.10875E+15
330,Tiffany,Simecek,tsimecek95@skyrock.com,098469722-5,535-773-8312,12/24/1999,3.55934E+15
331,Read,Cutford,rcutford96@icio.us,712763405-X,118-106-8120,10/27/1987,3.5897E+15
332,Robbin,MacGebenay,rmacgebenay97@mit.edu,555503025-8,386-448-1713,09/07/1996,4.90314E+17
333,Jay,Venediktov,jvenediktov98@hp.com,674899067-X,974-906-1719,8/24/1984,3.57532E+15
334,Dora,D'Oyly,ddoyly99@patch.com,880570106-8,167-344-9873,5/14/1986,3.54355E+15
335,Jasper,Rodenburg,jrodenburg9a@spotify.com,794954388-4,683-166-3447,09/01/1986,4.04137E+15
336,Gerhardine,Papworth,gpapworth9b@va.gov,375009943-X,706-641-5443,7/23/1995,2.01769E+14
337,Ed,Allden,eallden9c@dion.ne.jp,123762191-7,137-345-4746,6/20/1981,5.4121E+15
338,Art,Morfell,amorfell9d@a8.net,524699043-5,491-520-3657,04/06/2000,3.54265E+15
339,Jock,Boot,jboot9e@statcounter.com,023348253-9,355-500-1095,11/15/1995,3.05756E+13
340,Jorgan,Charter,jcharter9f@people.com.cn,849096427-0,176-628-7409,6/18/1987,3.04384E+13
341,Dion,Barrott,dbarrott9g@zimbio.com,481575089-0,280-991-1889,6/26/1981,3.58405E+15
342,Winni,O'Carroll,wocarroll9h@wikia.com,896323454-1,620-969-7105,10/21/1998,6.76785E+18
343,Flem,Kelf,fkelf9i@paginegialle.it,265383363-8,244-809-4791,5/27/1995,2.01949E+14
344,Jewelle,Davenall,jdavenall9j@ning.com,808285417-0,257-175-1842,12/04/1982,3.5303E+15
345,Kerrie,Rothert,krothert9k@slashdot.org,989704888-X,768-672-9858,11/20/1999,3.56298E+15
346,Kyla,Tolliday,ktolliday9l@homestead.com,879805901-7,843-585-7000,02/07/1981,3.53459E+15
347,Dinnie,Reddick,dreddick9m@google.cn,576505850-7,379-412-3798,10/28/1993,5.10876E+15
348,Shir,Zebedee,szebedee9n@ucsd.edu,315779539-2,166-607-1463,09/12/1996,2.01633E+14
349,Olva,Hayter,ohayter9o@sitemeter.com,551165181-8,790-274-3299,01/03/1989,4.17501E+15
350,Fredra,Oneile,foneile9p@macromedia.com,322460926-5,932-217-8241,1/31/1995,6.70988E+16
351,Livy,Hexum,lhexum9q@wikipedia.org,052358483-0,541-211-4209,5/13/1991,4.50889E+15
352,Mathias,Krolik,mkrolik9r@deviantart.com,518703697-1,448-243-6904,3/26/1980,4.50856E+15
353,Granville,Ferryn,gferryn9s@wikipedia.org,396360575-8,354-329-5524,12/28/1988,5.03822E+15
354,Rhodie,Culpan,rculpan9t@shareasale.com,784376656-1,851-748-7589,9/30/1980,3.54563E+15
355,Uriah,Goude,ugoude9u@usnews.com,063405581-X,313-541-6430,5/16/1995,3.54321E+15
356,Paulita,Boobier,pboobier9v@wunderground.com,646408250-7,874-547-8602,9/26/1989,3.53468E+15
357,Costa,Mecchi,cmecchi9w@blinklist.com,796334906-2,676-246-8263,11/22/1992,4.04137E+12
358,Illa,Morgan,imorgan9x@technorati.com,704963609-6,702-192-5927,08/12/1987,3.54339E+15
359,Michaella,Sleet,msleet9y@auda.org.au,969613152-6,834-254-9398,03/02/1988,5.60224E+15
360,Phillip,Menham,pmenham9z@cmu.edu,776905701-9,414-265-4661,8/24/1994,2.01644E+14
361,Ferdinande,Fairham,ffairhama0@census.gov,323406870-4,496-536-1474,07/12/1986,3.74289E+14
362,Gil,Isoldi,gisoldia1@slate.com,583482711-X,316-322-2542,4/13/1997,6.33111E+18
363,Pattie,Blythin,pblythina2@ovh.net,789121272-4,508-892-2657,1/18/1993,2.01895E+14
364,Ileane,Laguerre,ilaguerrea3@t.co,337999581-9,592-362-1066,12/11/1985,6.33454E+15
365,Philipa,Jellman,pjellmana4@businessweek.com,149357068-4,730-994-4749,09/06/1994,3.58187E+15
366,Ron,Spellman,rspellmana5@tripadvisor.com,914239466-X,911-194-9588,01/09/1998,5.30151E+15
367,Lilyan,Bentjens,lbentjensa6@howstuffworks.com,470218196-3,202-944-0417,01/02/1996,3.58457E+15
368,Olin,Oppy,ooppya7@google.it,256536357-5,826-119-6824,11/24/1989,3.37941E+14
369,Junia,Shilito,jshilitoa8@booking.com,233774823-5,156-508-2973,10/30/1993,3.5468E+15
370,Philip,Pudsey,ppudseya9@go.com,403111446-X,356-731-3673,5/20/1999,3.58398E+15
371,Romy,Kringe,rkringeaa@nature.com,335534467-2,210-780-5608,9/16/1984,3.58817E+15
372,Raven,Arpino,rarpinoab@xing.com,632570452-5,520-830-4337,7/22/2000,6.33488E+17
373,Rosana,Filipic,rfilipicac@behance.net,194808635-2,870-117-7269,07/04/1999,5.10013E+15
374,Dusty,Straker,dstrakerad@de.vu,459500954-2,165-324-4525,11/10/1984,5.61056E+15
375,Carlie,Hartill,chartillae@apple.com,692379521-4,439-118-8861,12/16/1999,3.56174E+15
376,Nilson,Trappe,ntrappeaf@census.gov,705944088-7,893-481-3403,02/04/1982,3.76364E+14
377,Gerrard,Abramson,gabramsonag@people.com.cn,870500980-4,843-286-1732,5/18/2000,5.35732E+15
378,Rodrick,McReath,rmcreathah@blinklist.com,133297980-7,626-232-6551,10/23/1982,4.91376E+15
379,Vernice,Juarez,vjuarezai@princeton.edu,593757999-2,704-891-2094,04/09/1987,3.57372E+15
380,Daloris,Otter,dotteraj@taobao.com,928632569-X,702-775-3501,06/08/1982,5.01825E+15
381,Kipp,Twaits,ktwaitsak@google.de,522272651-7,731-979-4219,08/09/1984,4.04159E+15
382,Shellysheldon,Noirel,snoirelal@ucla.edu,292415187-2,153-962-8905,7/20/1981,3.55243E+15
383,Cloris,Frean,cfreanam@china.com.cn,759527867-8,877-265-2603,09/12/1982,4.04138E+12
384,Marya,Mullinder,mmullinderan@ted.com,879965126-2,794-638-7593,01/07/1988,3.56396E+15
385,Leontine,Josovitz,ljosovitzao@ca.gov,564913758-7,404-411-5158,3/25/1991,4.0416E+15
386,Zondra,Aked,zakedap@fastcompany.com,449571534-8,780-429-5564,4/13/1983,5.01868E+17
387,Tarah,Duck,tduckaq@merriam-webster.com,725967148-3,148-763-8686,2/19/1991,6.70646E+18
388,Susi,Devine,sdevinear@japanpost.jp,019976798-X,754-888-2569,3/17/1986,5.00767E+15
389,Elisabeth,Eberts,eebertsas@sun.com,495675345-4,826-118-5870,01/07/1995,3.54234E+15
390,Rodger,Iannello,riannelloat@icio.us,279305504-2,856-902-3379,11/15/1979,3.55812E+15
391,Valentina,Crambie,vcrambieau@ihg.com,063289908-5,187-191-5495,1/14/1995,3.58372E+15
392,Lorna,Grice,lgriceav@yolasite.com,061370962-4,482-461-4141,1/24/1983,5.00767E+15
393,Georgette,Goudie,ggoudieaw@mozilla.org,132514895-4,945-954-5843,4/16/1997,3.37942E+14
394,Magdalena,Perchard,mperchardax@i2i.jp,148732714-5,295-195-2223,6/27/1985,5.60223E+15
395,Ariela,Hazlehurst,ahazlehurstay@huffingtonpost.com,674951922-9,991-536-7298,7/26/1999,3.5783E+15
396,Fleur,Blumer,fblumeraz@google.es,375071196-8,360-425-5502,2/24/1989,3.00406E+13
397,Maddalena,Helkin,mhelkinb0@si.edu,419262113-4,436-238-2333,02/05/1998,4.93651E+15
398,Roxi,Craft,rcraftb1@china.com.cn,625743656-7,181-303-1249,4/19/1996,4.02685E+15
399,Aleece,Ewols,aewolsb2@webmd.com,044029862-8,934-869-8081,03/09/1990,5.10876E+15
400,Devlin,Gilbee,dgilbeeb3@angelfire.com,342592563-6,312-995-6459,04/05/1993,3.55507E+15
401,Jourdan,Bygrave,jbygraveb4@drupal.org,798905215-6,529-231-2920,5/13/1985,5.60221E+15
402,Agathe,Mell,amellb5@phpbb.com,234706856-3,564-227-2733,7/15/1981,4.0416E+15
403,Delora,Rawood,drawoodb6@ezinearticles.com,401259400-1,640-555-4562,09/06/1987,5.60225E+15
404,El,Eggleston,eegglestonb7@apache.org,835629437-1,657-282-2753,4/16/1994,3.58917E+15
405,Eleni,Nockles,enocklesb8@foxnews.com,820877425-1,888-470-6036,05/07/1991,3.56145E+15
406,Georgie,Julian,gjulianb9@unesco.org,948578196-2,128-881-6210,12/19/1996,3.5891E+15
407,Jenni,Rojas,jrojasba@simplemachines.org,514584566-9,185-781-9373,10/12/1989,3.58008E+15
408,Evania,Quinet,equinetbb@msu.edu,170284544-3,881-343-9419,8/22/1997,3.47667E+14
409,Farand,Olensby,folensbybc@yellowbook.com,049696726-6,991-665-5401,12/26/1984,5.10876E+15
410,Kristal,Nutbeem,knutbeembd@shinystat.com,346002902-1,659-918-4643,09/05/1998,4.81477E+12
411,Meir,Ingram,mingrambe@nba.com,624649514-1,295-822-9452,07/07/1981,5.10017E+15
412,Michel,Nisby,mnisbybf@abc.net.au,238288363-4,857-919-0436,01/05/1985,5.28773E+15
413,Wrennie,Postlethwaite,wpostlethwaitebg@omniture.com,522914902-7,787-521-8685,6/22/2000,5.64183E+17
414,Gamaliel,De Dantesie,gdedantesiebh@hostgator.com,031772399-5,364-834-2216,2/22/1994,3.55028E+15
415,Sophia,Francescotti,sfrancescottibi@amazon.co.uk,852979012-X,979-139-7068,3/20/1980,6.75934E+15
416,Bay,Bentinck,bbentinckbj@zimbio.com,162281401-0,357-964-5910,08/03/1993,5.60226E+17
417,Ibby,Bottrell,ibottrellbk@mit.edu,907502016-3,639-824-7323,09/10/1989,5.0207E+15
418,Leroy,Kunkler,lkunklerbl@businesswire.com,536111597-5,640-110-1185,03/10/1998,3.54031E+15
419,Deerdre,Mattheus,dmattheusbm@google.co.jp,183020073-9,881-270-4343,5/25/1997,5.61023E+15
420,Roch,Quin,rquinbn@hhs.gov,998637537-1,672-166-3834,10/17/1994,4.91797E+15
421,Reinold,Peirone,rpeironebo@reverbnation.com,831703051-2,510-330-7233,10/05/1992,4.0416E+15
422,Cosetta,Wellbank,cwellbankbp@github.com,066648186-5,885-855-5692,05/04/1984,6.30453E+17
423,Darnell,Bennallck,dbennallckbq@blogs.com,434473657-5,145-126-2821,09/10/1988,3.53501E+15
424,Clemmie,Goldsberry,cgoldsberrybr@networksolutions.com,233269992-9,694-751-0663,5/26/1999,3.0237E+13
425,Winnah,Ferrer,wferrerbs@vinaora.com,452799774-2,484-530-6859,04/10/1991,3.53506E+15
426,Phyllida,McQuilliam,pmcquilliambt@princeton.edu,790507688-1,471-760-3903,11/04/1990,3.55338E+15
427,Archibald,Masdin,amasdinbu@samsung.com,254923275-5,567-570-6232,1/29/1987,5.61069E+16
428,Pietrek,Stenton,pstentonbv@elegantthemes.com,146152622-1,781-359-6551,2/27/1995,3.5553E+15
429,Sarena,Caroline,scarolinebw@utexas.edu,640384554-3,864-979-7081,10/11/1990,5.60226E+15
430,Carney,Tremberth,ctremberthbx@1688.com,708626732-5,210-128-0686,6/26/1982,3.55783E+15
431,Muffin,Stiell,mstiellby@topsy.com,860253328-4,641-734-5995,8/19/1988,6.37476E+15
432,Britni,Jullian,bjullianbz@blogger.com,084390118-7,670-427-4385,08/04/1994,4.9119E+18
433,Lianna,Hansen,lhansenc0@psu.edu,227859560-1,122-115-1014,10/28/1999,3.529E+15
434,Onofredo,Gramer,ogramerc1@indiegogo.com,103370281-1,938-412-4224,12/26/1980,3.54385E+15
435,Susanne,Markovic,smarkovicc2@phoca.cz,718441978-2,463-886-0939,01/11/1993,3.55912E+15
436,Mab,Bleaden,mbleadenc3@europa.eu,408585704-5,698-134-9964,9/27/1981,3.00426E+13
437,Hale,Gratten,hgrattenc4@tripadvisor.com,244022310-7,780-231-2854,3/23/1984,2.01654E+14
438,Den,Merwede,dmerwedec5@ftc.gov,583729958-0,983-630-7212,03/05/1991,3.62893E+13
439,Halley,Winspurr,hwinspurrc6@drupal.org,683844848-3,608-782-8549,10/01/1996,5.41551E+15
440,Sasha,Schimoni,sschimonic7@nsw.gov.au,815850090-0,868-700-0610,09/09/1995,6.7716E+15
441,Athene,Jobes,ajobesc8@sitemeter.com,127976297-7,218-402-6159,08/11/1987,5.60221E+15
442,Ben,Ralling,brallingc9@businessweek.com,029678384-6,263-884-9597,4/26/1982,3.54267E+15
443,Tamma,Belham,tbelhamca@foxnews.com,352970148-3,973-436-1991,8/22/1990,6.30475E+16
444,Cart,Roskeilly,croskeillycb@squidoo.com,651163979-7,598-617-5934,09/04/1995,3.56651E+15
445,Verney,Olden,voldencc@prweb.com,104998867-1,977-183-3062,5/31/1987,4.02623E+15
446,Maren,Clowsley,mclowsleycd@whitehouse.gov,718296307-8,533-955-5606,12/21/1987,3.56176E+15
447,Suzy,Boxer,sboxerce@seesaa.net,598860252-5,765-432-3907,9/20/1995,3.74288E+14
448,Felizio,Hall-Gough,fhallgoughcf@canalblog.com,897176706-5,263-529-7338,7/13/1996,5.10015E+15
449,Gerry,Clappison,gclappisoncg@kickstarter.com,064908652-X,413-345-5681,3/29/1994,3.01808E+13
450,Wash,Dennington,wdenningtonch@1688.com,458330453-6,661-114-2518,09/02/1984,3.74284E+14
451,Cary,Mattaus,cmattausci@thetimes.co.uk,195657254-6,643-648-4329,1/15/1982,4.02666E+15
452,Ginger,Spincks,gspinckscj@salon.com,474481252-X,813-919-6618,04/02/1997,3.54028E+15
453,Ingar,Hryniewicz,ihryniewiczck@jugem.jp,526829932-8,450-170-0004,12/01/1990,5.10875E+15
454,Gertie,Roblou,grobloucl@bbc.co.uk,986394898-5,670-786-8167,8/25/1997,5.21115E+15
455,Marley,Yong,myongcm@nymag.com,925555689-4,331-684-9426,12/13/1984,4.91196E+18
456,Delcine,Hallgath,dhallgathcn@quantcast.com,891832039-6,218-262-9752,11/20/1995,3.54434E+15
457,Dionis,Barbary,dbarbaryco@blogger.com,062808363-7,212-910-2526,11/05/1985,3.54969E+15
458,Kati,Decaze,kdecazecp@moonfruit.com,602120342-9,273-228-9579,06/11/1995,3.55423E+15
459,Richmound,Curryer,rcurryercq@rediff.com,605644642-5,912-992-4182,9/26/1985,3.55758E+15
460,Mill,Moxsom,mmoxsomcr@cafepress.com,101579683-4,537-907-6887,09/10/1991,3.37942E+14
461,Worthy,Carreyette,wcarreyettecs@diigo.com,538611871-4,297-821-1610,6/13/1983,4.91114E+17
462,Felicdad,Clemendet,fclemendetct@artisteer.com,379060023-7,100-453-0259,01/01/1995,6.3048E+15
463,Keane,McMurty,kmcmurtycu@theguardian.com,803497937-6,284-237-0083,06/02/1989,6.04519E+15
464,Jud,Domenc,jdomenccv@aboutads.info,776368011-3,239-751-4524,9/28/2000,3.58319E+15
465,Stephannie,Applewhaite,sapplewhaitecw@youtu.be,090480127-6,107-200-3605,10/24/1987,5.03893E+15
466,Gabriellia,Greenstead,ggreensteadcx@usnews.com,331587903-6,692-426-3362,9/30/2000,3.53146E+15
467,Petra,MacAlaster,pmacalastercy@usnews.com,511981573-1,713-872-2699,2/17/1986,2.01634E+14
468,Connor,Gaskarth,cgaskarthcz@bravesites.com,215991582-3,486-989-5858,6/18/1987,3.5408E+15
469,Worthy,Jeannin,wjeannind0@hhs.gov,826946182-2,204-454-4116,1/27/1989,6.7716E+17
470,Dasha,Milby,dmilbyd1@mashable.com,984020807-1,581-704-1595,10/06/1996,6.76305E+15
471,Oona,Goneau,ogoneaud2@biblegateway.com,163109917-5,484-908-9249,1/26/1993,5.10876E+15
472,Saundra,MacKomb,smackombd3@netvibes.com,988689511-X,316-338-5864,7/21/1994,2.01429E+14
473,Mandi,Muriel,mmurield4@dedecms.com,801371588-4,717-459-1144,05/04/1981,5.60222E+15
474,Sandi,Conti,scontid5@usnews.com,377568301-1,419-218-8466,2/13/1988,3.56328E+15
475,Eddie,Huzzay,ehuzzayd6@indiegogo.com,044950333-X,234-497-2489,4/25/1992,4.84493E+15
476,Isak,Humbell,ihumbelld7@hc360.com,890331691-6,100-364-7486,12/28/1980,3.56826E+15
477,Dela,Leete,dleeted8@archive.org,638255676-9,142-669-8520,11/29/1987,5.42465E+15
478,Maiga,McFarlan,mmcfarland9@buzzfeed.com,066756476-4,444-210-3953,12/08/1979,3.58665E+15
479,Walther,Vase,wvaseda@weebly.com,920846214-5,592-844-5780,03/10/1985,5.01012E+15
480,Charmain,Wisby,cwisbydb@imgur.com,309850732-2,992-196-8850,6/22/1981,6.75922E+18
481,Audrey,Loxley,aloxleydc@blogspot.com,092383397-8,815-566-1346,05/03/1987,3.54406E+15
482,Templeton,Hitzschke,thitzschkedd@java.com,667607932-1,666-828-9076,4/29/2000,5.89343E+18
483,Mordecai,Amiranda,mamirandade@wunderground.com,928579679-6,663-232-7360,12/24/1981,3.57254E+15
484,Wilton,Benninger,wbenningerdf@marketwatch.com,898570824-4,630-327-7363,4/14/1993,5.13197E+15
485,Lana,Smallshaw,lsmallshawdg@vimeo.com,983578975-4,296-517-6929,09/04/1990,5.54444E+15
486,Bernadina,Roydon,broydondh@reverbnation.com,703814871-0,699-559-0372,8/27/1992,4.90378E+15
487,Ava,Diviney,adivineydi@desdev.cn,740666787-6,731-553-0432,11/15/1983,5.26324E+15
488,Kirby,Glavin,kglavindj@google.es,677113935-2,141-364-1027,2/16/1989,6.76332E+16
489,Oralle,Curds,ocurdsdk@lulu.com,040940925-1,558-868-3772,1/15/1991,5.1227E+15
490,Howey,Sesser,hsesserdl@loc.gov,154396989-5,488-808-3073,9/30/1982,4.84413E+15
491,Northrup,Rivaland,nrivalanddm@who.int,831891327-2,523-395-8279,02/09/1997,3.53522E+15
492,Elnar,St. Leger,estlegerdn@github.io,452669750-8,267-867-7097,8/31/1999,3.55074E+15
493,Margarete,Beeck,mbeeckdo@dedecms.com,756185475-7,572-130-3920,4/21/1999,4.175E+15
494,Garnette,Oldis,goldisdp@cnbc.com,783192823-5,406-364-7439,2/28/1995,4.91175E+17
495,Sile,Altoft,saltoftdq@netlog.com,112968342-7,594-530-9549,8/26/1981,3.37942E+14
496,Timothy,Royste,troystedr@myspace.com,753904766-6,903-954-4944,10/08/1996,3.53572E+15
497,Broderick,Zealey,bzealeyds@fema.gov,172836115-X,283-308-9269,10/04/1982,3.53218E+15
498,Nola,Speeks,nspeeksdt@cnbc.com,154189106-6,788-568-7412,11/09/1993,3.53072E+15
499,Nicholle,Louis,nlouisdu@ucoz.com,091777985-1,527-259-2896,6/27/1996,3.01828E+13
500,Vinson,Andrelli,vandrellidv@ca.gov,690163103-0,917-830-5007,04/05/1990,6.70619E+16
501,Geralda,Kem,gkemdw@woothemes.com,350467356-7,621-330-1745,02/07/1987,5.60224E+15
502,Hyatt,Minmagh,hminmaghdx@tiny.cc,358199215-9,453-442-7227,2/15/1999,3.57858E+15
503,Quincy,Domanski,qdomanskidy@myspace.com,752603734-9,391-891-3220,6/22/1989,3.56743E+15
504,Zak,Muttock,zmuttockdz@walmart.com,284668288-7,871-335-4167,08/02/1983,6.37661E+15
505,Bibbye,Lambal,blambale0@cam.ac.uk,066508521-4,800-536-6173,05/02/1984,6.3311E+15
506,Saxe,Pennrington,spennringtone1@go.com,291729991-6,535-239-0376,11/21/1982,3.74623E+14
507,Enrichetta,Oloman,eolomane2@cyberchimps.com,500957676-7,994-615-8331,09/10/1990,3.56981E+15
508,Ricky,Ollerton,rollertone3@geocities.jp,290855554-9,317-678-5995,11/18/1998,3.57782E+15
509,Marna,Coston,mcostone4@about.com,455560004-5,415-335-5849,02/01/1988,4.40552E+15
510,Harley,Gain,hgaine5@bloglovin.com,386321724-1,767-602-0124,03/11/1988,3.58883E+15
511,Essa,Chazelas,echazelase6@mit.edu,688405142-6,669-220-9306,9/29/1987,3.54968E+15
512,Emmalynn,Deluze,edeluzee7@cpanel.net,558948503-7,220-829-9285,04/12/1980,3.54754E+15
513,Hoyt,Gollin,hgolline8@nationalgeographic.com,356399319-X,104-338-0975,07/10/1991,6.33111E+18
514,Opal,McGoogan,omcgoogane9@ebay.co.uk,753426819-2,887-306-7555,02/10/1993,6.304E+16
515,Marline,Heisham,mheishamea@linkedin.com,029223909-2,615-380-5403,6/23/1985,3.56734E+15
516,Gilberta,Durram,gdurrameb@fema.gov,562070301-0,243-342-5224,08/12/1988,3.00031E+13
517,Cyrill,Bramhill,cbramhillec@php.net,244456089-2,266-852-1127,5/24/1988,5.60225E+15
518,Fanya,Pleasaunce,fpleasaunceed@sfgate.com,982721028-9,255-741-7137,04/06/1988,3.57651E+15
519,Abbie,Di Dello,adidelloee@gizmodo.com,252013994-3,701-243-6841,11/22/1995,5.10875E+15
520,Blair,Pole,bpoleef@com.com,630806602-8,710-277-4659,04/04/1989,3.57555E+15
521,Ludwig,Logg,lloggeg@auda.org.au,350768379-2,421-986-7578,01/09/1983,3.37941E+14
522,Gilberte,Moorrud,gmoorrudeh@stumbleupon.com,089182095-7,299-753-1642,8/22/1991,4.02695E+15
523,Wittie,Jarry,wjarryei@google.es,988390070-8,649-338-0164,4/20/1998,4.91364E+15
524,Sofia,Whyley,swhyleyej@usnews.com,841752886-5,475-882-5836,9/17/1989,6.75908E+16
525,Rochelle,Ambrogioni,rambrogioniek@ibm.com,470765472-X,821-634-8196,7/28/1985,3.52921E+15
526,Hermann,Postles,hpostlesel@topsy.com,238368381-7,623-628-3272,08/12/1987,3.02768E+13
527,Marla,Barehead,mbareheadem@comsenz.com,261707639-3,749-153-7438,8/24/1986,2.01631E+14
528,Juana,Hallward,jhallwarden@alexa.com,289786645-4,908-467-5372,09/09/1984,5.60224E+15
529,Lori,Hinsche,lhinscheeo@baidu.com,061256589-0,149-339-9566,11/12/1986,5.64182E+15
530,Emili,Saladino,esaladinoep@360.cn,461716640-8,123-960-7422,8/13/1987,3.56871E+15
531,Devina,Hucquart,dhucquarteq@bbc.co.uk,400865672-3,368-923-0248,01/11/1984,6.30469E+16
532,Karney,Trematick,ktrematicker@lycos.com,940469088-0,798-489-1923,5/22/1988,3.57942E+15
533,Dolf,Kobisch,dkobisches@biglobe.ne.jp,148130610-3,106-655-9628,10/20/1999,5.10014E+15
534,Dorelle,Catling,dcatlinget@nymag.com,264978780-5,409-572-0747,04/05/1992,3.58152E+15
535,Fleming,Hazzard,fhazzardeu@seesaa.net,355323102-5,805-333-5696,10/26/1984,3.57924E+15
536,Tomas,Hendricks,thendricksev@webs.com,325378086-4,773-998-6279,1/13/1982,3.53723E+15
537,Elia,Oldroyde,eoldroydeew@cbslocal.com,534373843-5,325-754-5937,7/19/1994,5.04837E+15
538,Terri-jo,Watkin,twatkinex@multiply.com,594507130-7,693-269-7577,10/29/1996,3.42619E+14
539,Daron,Elt,deltey@meetup.com,423890536-9,488-801-8201,9/17/2000,6.7063E+17
540,Yettie,Thing,ythingez@squarespace.com,677597944-4,595-667-7540,3/15/1992,3.53185E+15
541,Verena,Mackinder,vmackinderf0@upenn.edu,174959923-6,954-138-8027,09/11/1980,3.53833E+15
542,Harmonie,Heaker,hheakerf1@hc360.com,524321929-0,611-789-0268,10/31/1993,3.54807E+15
543,Selma,Peaddie,speaddief2@state.tx.us,017943282-6,863-191-3408,08/07/1983,3.72302E+14
544,Roze,Fountaine,rfountainef3@redcross.org,061881129-X,956-903-1564,11/22/1984,3.66457E+13
545,Perri,Noni,pnonif4@china.com.cn,963228614-6,378-894-3656,05/01/1997,3.58136E+15
546,Dilly,Rowbottam,drowbottamf5@blogspot.com,560887827-2,791-492-4794,9/28/1980,3.69607E+13
547,Marissa,Motton,mmottonf6@imageshack.us,395647048-6,823-982-2679,9/22/1985,5.60224E+17
548,Brena,Fettes,bfettesf7@cdc.gov,635539468-0,343-819-5701,07/09/1989,6.7068E+18
549,Shelby,Airth,sairthf8@bing.com,927949020-6,398-387-4495,3/23/1980,3.58286E+15
550,Dodi,Francie,dfrancief9@wisc.edu,821142209-3,194-808-0560,07/04/1993,5.64183E+18
551,Yasmeen,Winsley,ywinsleyfa@state.gov,537702267-X,438-448-4642,2/16/2000,5.60226E+16
552,Costanza,O'Carroll,cocarrollfb@liveinternet.ru,010606406-1,591-601-0441,8/19/2000,6.77128E+15
553,Atlanta,Stranks,astranksfc@addthis.com,689709137-5,767-665-2590,4/22/1992,3.55624E+15
554,Karney,Toyne,ktoynefd@wisc.edu,756555209-7,948-411-6699,03/04/1985,5.10015E+15
555,Phillip,Helling,phellingfe@hatena.ne.jp,467943441-4,686-185-4417,12/23/1985,3.42863E+14
556,Verene,Panas,vpanasff@cafepress.com,029477627-3,192-150-1183,12/27/1993,3.56552E+15
557,Eward,Morrice,emorricefg@vistaprint.com,904681830-6,255-619-4942,10/03/1991,6.33436E+18
558,Rayner,Dolman,rdolmanfh@list-manage.com,910473382-7,391-846-9066,3/28/2000,3.5307E+15
559,Luce,Hellmore,lhellmorefi@nature.com,359955112-X,396-355-5862,05/02/1984,3.74288E+14
560,Ingrim,Pringour,ipringourfj@csmonitor.com,138996790-5,792-649-2024,02/03/1980,3.5299E+15
561,Reinaldo,Tanby,rtanbyfk@cocolog-nifty.com,347632398-6,957-845-0302,03/08/1998,6.3815E+15
562,Arlie,Goldfinch,agoldfinchfl@archive.org,492520634-6,777-569-8336,01/07/1998,4.93697E+18
563,Shayne,Blethyn,sblethynfm@umn.edu,014591059-8,244-167-8490,12/19/1981,3.56602E+15
564,Lenci,Lampart,llampartfn@ucla.edu,875666246-7,658-872-3031,6/22/1995,4.91148E+17
565,Darcey,Springtorpe,dspringtorpefo@intel.com,263578239-3,521-348-8548,5/29/1991,6.30476E+17
566,Tuckie,Turton,tturtonfp@fastcompany.com,563207592-3,868-249-4925,9/24/1987,5.02085E+16
567,Gayle,Ashbe,gashbefq@unblog.fr,620136876-0,857-551-4426,7/31/1981,2.01969E+14
568,Matias,Jedrys,mjedrysfr@youtu.be,870063047-0,638-130-3313,8/13/1989,4.93624E+17
569,Frazier,Rhead,frheadfs@businesswire.com,016590447-X,686-579-1957,6/24/1993,6.38314E+15
570,Norry,Warrack,nwarrackft@elpais.com,825458786-8,199-785-1375,5/25/1995,5.44894E+15
571,Grace,Leitch,gleitchfu@booking.com,656363119-3,149-235-8013,03/05/1981,5.38791E+15
572,Griffie,Yankishin,gyankishinfv@nytimes.com,952104965-0,160-192-4931,7/24/1995,5.10014E+15
573,Bernie,Vignaux,bvignauxfw@psu.edu,732494949-5,971-623-1060,1/29/1983,3.74623E+14
574,Stafani,Tupman,stupmanfx@blogtalkradio.com,564720702-2,349-752-0319,8/16/1990,5.60224E+15
575,Jedidiah,Pinnegar,jpinnegarfy@ocn.ne.jp,384282116-6,744-283-7241,12/27/1987,5.04837E+15
576,Ediva,Erwin,eerwinfz@washingtonpost.com,038424146-8,757-595-7711,10/13/1999,5.61098E+16
577,Allayne,Yarnley,ayarnleyg0@soundcloud.com,401293407-4,993-131-4467,1/20/2000,5.01012E+15
578,Merilyn,Curragh,mcurraghg1@wunderground.com,409559700-3,896-311-6788,03/01/1983,5.00766E+15
579,Alisun,Nickerson,anickersong2@ted.com,487629409-7,787-142-2914,07/04/1980,3.54899E+15
580,Creight,Peterken,cpeterkeng3@google.com,293636162-1,626-629-6794,10/31/1992,3.58634E+15
581,Amandi,Gretham,agrethamg4@independent.co.uk,398418580-4,514-931-5697,02/02/1987,3.54259E+15
582,Ben,Henworth,bhenworthg5@marriott.com,551685527-6,265-544-6071,6/30/1985,5.01804E+16
583,Gerty,Tonsley,gtonsleyg6@dyndns.org,536126187-4,353-224-7117,8/17/1994,3.04464E+13
584,Henryetta,Kinnar,hkinnarg7@netvibes.com,010261132-7,920-695-0008,02/02/1993,3.57209E+15
585,Leslie,Chattelaine,lchattelaineg8@umn.edu,916181407-5,301-478-7711,02/03/1997,6.70989E+16
586,Gerald,Wigfield,gwigfieldg9@smugmug.com,685694013-0,763-105-8954,7/19/1985,4.91717E+15
587,Adamo,Hartness,ahartnessga@addthis.com,927678120-X,333-178-9692,12/17/1991,4.90351E+18
588,Spencer,Bingley,sbingleygb@4shared.com,077128058-0,936-831-5645,9/26/1995,4.0416E+15
589,Austin,Gawne,agawnegc@sun.com,213603082-5,996-368-9611,10/28/1995,6.76215E+17
590,Dewain,Grasner,dgrasnergd@google.co.jp,507897753-8,517-656-8682,12/15/1997,3.53323E+15
591,Olly,Machan,omachange@nhs.uk,167978211-8,456-444-3120,7/21/2000,5.10875E+15
592,Tymon,Ponsford,tponsfordgf@economist.com,724313441-6,963-669-9728,5/16/1992,3.57006E+15
593,Findlay,Petroulis,fpetroulisgg@stumbleupon.com,480522731-1,266-897-2683,2/17/1995,5.60222E+15
594,Lisbeth,Perring,lperringgh@economist.com,286364538-2,218-223-1573,6/15/1994,5.00236E+15
595,Shelbi,Clough,scloughgi@is.gd,707147397-8,332-813-5574,11/10/1987,4.50859E+15
596,Krissy,Castro,kcastrogj@domainmarket.com,708972292-9,450-871-2014,9/21/1991,4.02653E+15
597,Tabby,Liepins,tliepinsgk@fastcompany.com,034697053-9,100-393-6144,5/18/1994,6.30415E+17
598,Opal,Hadny,ohadnygl@blog.com,740832439-9,102-501-3494,06/05/1982,5.00766E+15
599,Archambault,Tout,atoutgm@i2i.jp,766952464-2,910-250-6052,8/28/1993,3.57004E+15
600,Nataline,McKenny,nmckennygn@chronoengine.com,646893380-3,518-487-0352,10/20/1992,3.53678E+15
601,Giraud,Millhill,gmillhillgo@soundcloud.com,599649843-X,705-466-9707,10/21/1982,6.37222E+15
602,Garland,Wastall,gwastallgp@pagesperso-orange.fr,218577680-0,361-100-3182,6/16/1983,3.58331E+15
603,Rosette,Seagood,rseagoodgq@hhs.gov,798481803-7,171-350-9331,3/30/1982,6.39578E+15
604,Allix,Hazeldene,ahazeldenegr@github.io,099603421-8,255-389-9118,11/14/1988,4.93666E+15
605,Glyn,Filipychev,gfilipychevgs@digg.com,787806962-X,380-824-1532,09/11/1990,3.58146E+15
606,Ulises,Kneale,uknealegt@sphinn.com,615254183-2,266-905-4889,11/27/1985,4.93661E+15
607,Happy,McRae,hmcraegu@4shared.com,234516054-3,801-440-3369,12/09/1999,5.60222E+15
608,Ian,Kinnie,ikinniegv@fda.gov,479055867-3,319-960-1057,05/10/1980,3.58524E+15
609,Eula,Brigham,ebrighamgw@imageshack.us,806002091-9,672-670-2312,12/15/1981,5.53863E+15
610,Corenda,Rivaland,crivalandgx@rambler.ru,005462919-5,453-945-6905,05/01/1998,3.53577E+15
611,Kristoforo,Leyborne,kleybornegy@webnode.com,864428119-4,630-380-3842,11/12/1995,5.60223E+15
612,Mandie,Misson,mmissongz@example.com,750094412-8,342-994-1695,3/19/1988,3.57403E+15
613,Korella,Itzkovich,kitzkovichh0@amazon.co.uk,163775334-9,380-838-8829,1/31/1987,3.55339E+15
614,Nadiya,Franciottoi,nfranciottoih1@eventbrite.com,352958357-X,395-945-2271,11/26/1980,5.60223E+15
615,Jordan,Bassil,jbassilh2@youtu.be,728274806-3,537-316-5392,10/19/1981,5.60225E+15
616,Myrtice,Dwane,mdwaneh3@fotki.com,312462820-9,614-794-0665,4/24/1994,4.0416E+12
617,Emory,Woolatt,ewoolatth4@walmart.com,086051604-0,912-835-6489,11/03/1983,3.55623E+15
618,Marc,Gasperi,mgasperih5@xrea.com,279783410-0,702-189-8661,6/21/1990,6.76176E+17
619,Emmalynne,Formilli,eformillih6@addthis.com,524291898-5,243-602-0524,06/01/1998,3.57618E+15
620,Lolita,Lewnden,llewndenh7@indiegogo.com,229469718-9,681-698-0349,06/04/1997,3.56747E+15
621,Lynnet,Hulks,lhulksh8@hud.gov,525399294-4,410-484-0298,12/02/1987,3.52925E+15
622,Leta,Ainsby,lainsbyh9@ucoz.com,467436296-2,834-690-0142,11/29/1993,3.04237E+13
623,Dru,Grenshiels,dgrenshielsha@google.co.uk,236914705-9,233-682-4958,5/29/1996,3.57564E+15
624,Meryl,Marklow,mmarklowhb@blogger.com,948560577-3,572-600-2086,07/05/1987,3.54314E+15
625,Steffie,Vivien,svivienhc@theguardian.com,819240522-2,611-450-0242,2/26/1980,4.91317E+15
626,Farr,Forgie,fforgiehd@mozilla.org,282760025-0,379-876-9855,6/18/1998,3.74288E+14
627,Gearard,Bails,gbailshe@google.com,637875506-X,205-475-6193,3/22/1987,3.58435E+15
628,Dacy,Hedin,dhedinhf@yahoo.co.jp,460135312-2,164-383-8683,9/27/1982,6.33376E+18
629,Briney,Schust,bschusthg@cbc.ca,102228215-8,642-129-2832,3/21/1990,3.74284E+14
630,Felicle,Deal,fdealhh@ebay.com,398527470-3,918-501-8872,2/16/1980,5.60225E+15
631,Lindsey,Gilardengo,lgilardengohi@bizjournals.com,090264522-6,864-750-2812,02/05/1987,3.03039E+13
632,Lacey,Dyball,ldyballhj@alexa.com,763265395-3,670-373-6299,01/12/1989,3.58404E+15
633,Ardeen,Glenister,aglenisterhk@webmd.com,528780543-8,961-409-4348,8/21/1987,3.58678E+15
634,Jackelyn,Le Gallo,jlegallohl@nymag.com,973485400-3,677-394-7087,11/26/1984,3.53539E+15
635,Shandeigh,Batters,sbattershm@weibo.com,137907460-6,830-721-3988,07/06/1995,3.54319E+15
636,Cassie,Lionel,clionelhn@whitehouse.gov,785629099-4,505-946-2085,3/23/1986,3.54608E+15
637,Eadith,Calfe,ecalfeho@github.io,264103001-2,418-873-6289,3/22/1990,3.00396E+13
638,Jsandye,Meachem,jmeachemhp@nasa.gov,262436135-9,520-672-1201,08/09/1990,3.58525E+15
639,Massimo,Nulty,mnultyhq@google.it,211795624-6,108-864-6484,12/09/1987,3.5584E+15
640,Christi,Courtier,ccourtierhr@dropbox.com,801881221-7,511-911-5217,5/20/1986,3.56183E+15
641,Pauli,Nicol,pnicolhs@last.fm,395788323-7,356-219-4779,7/20/1985,5.10876E+15
642,Philip,Strover,pstroverht@liveinternet.ru,700957736-6,449-627-2597,03/05/1980,6.70624E+16
643,Tommie,Eayrs,teayrshu@dailymail.co.uk,343001832-3,142-747-9817,9/21/1986,5.60225E+15
644,Jasmina,Meneur,jmeneurhv@privacy.gov.au,116799375-6,470-505-1093,11/15/1999,3.57137E+15
645,Gina,Larrie,glarriehw@engadget.com,090043063-X,940-877-3176,10/02/1993,4.50893E+15
646,Cleve,Della Scala,cdellascalahx@wufoo.com,882002451-9,516-613-6198,08/07/1982,5.60222E+17
647,Anton,Tomkinson,atomkinsonhy@ycombinator.com,000528741-3,157-557-0626,8/23/1990,3.53255E+15
648,Whitney,Smeeton,wsmeetonhz@w3.org,406228730-7,731-342-5662,11/30/1989,5.64182E+15
649,Nanine,Leason,nleasoni0@nsw.gov.au,113176264-9,848-324-0545,03/04/1986,5.60224E+15
650,Derry,Redparth,dredparthi1@mit.edu,160145505-4,698-920-1239,12/10/1979,4.90572E+17
651,Hurleigh,Baskeyfied,hbaskeyfiedi2@goo.gl,757528679-9,533-817-3715,10/23/1992,3.64163E+13
652,Sabrina,Hourahan,shourahani3@wikimedia.org,005846876-5,214-704-6797,11/05/1980,4.90512E+15
653,Marillin,Caccavella,mcaccavellai4@vimeo.com,835015746-1,896-861-5024,04/08/1999,3.54139E+15
654,Priscilla,Mitchley,pmitchleyi5@bloglovin.com,843880026-2,864-634-9853,9/23/1987,3.41525E+14
655,Irvine,Foulis,ifoulisi6@barnesandnoble.com,477541009-1,187-549-3967,1/19/1995,3.72302E+14
656,Alfie,Klaggeman,aklaggemani7@marriott.com,623402124-7,736-716-3266,03/02/1988,3.58926E+15
657,Verna,Massenhove,vmassenhovei8@webs.com,857535787-5,486-684-8938,2/27/1991,3.53784E+15
658,Adena,McDuff,amcduffi9@howstuffworks.com,041847089-8,690-714-6376,09/09/1997,6.76793E+17
659,Winslow,Sandwich,wsandwichia@yolasite.com,618928291-1,317-985-7077,2/17/1992,3.56703E+15
660,Zuzana,Klimontovich,zklimontovichib@trellian.com,430102875-7,892-783-7347,04/11/1986,3.05324E+13
661,Nathalia,Umfrey,numfreyic@intel.com,080526645-3,710-176-0208,1/19/1980,4.17501E+15
662,Anastasia,Saby,asabyid@slashdot.org,054498742-X,804-972-7654,12/05/1988,3.57364E+15
663,Venus,Strangeway,vstrangewayie@cnbc.com,096861986-X,811-148-9220,12/19/1995,3.569E+15
664,Aron,McSporrin,amcsporrinif@linkedin.com,976434577-8,984-519-4530,11/26/1988,3.54585E+15
665,Zebadiah,Bartleman,zbartlemanig@howstuffworks.com,958221381-7,548-998-1670,12/11/1983,3.57961E+15
666,Nicky,Tarbath,ntarbathih@unesco.org,559974067-6,443-764-4380,07/09/1983,5.60224E+16
667,Erika,Longstaff,elongstaffii@netvibes.com,134610300-3,642-450-5992,4/16/2000,3.55004E+15
668,Sylvan,Semark,ssemarkij@wikispaces.com,116963280-7,311-734-1965,10/02/1996,3.72301E+14
669,Kiley,Tossell,ktossellik@smugmug.com,477232882-3,569-854-3071,5/22/1999,3.0269E+13
670,Culley,Blything,cblythingil@psu.edu,284275418-2,145-261-9768,9/14/1981,3.55351E+15
671,Audy,Campbell-Dunlop,acampbelldunlopim@ask.com,237606887-8,373-353-5441,6/27/1995,3.57026E+15
672,Karel,Cullingford,kcullingfordin@tamu.edu,603031580-3,906-908-8750,09/09/1998,5.20324E+15
673,Petrina,Skelding,pskeldingio@europa.eu,775706942-4,128-404-8981,11/27/1994,3.58673E+15
674,Rosalynd,Sickamore,rsickamoreip@cam.ac.uk,827240577-6,519-165-8447,10/20/1990,3.53708E+15
675,Giff,Yeandel,gyeandeliq@vkontakte.ru,502459704-4,317-705-4824,3/21/1999,3.56841E+15
676,Andreana,Pegg,apeggir@purevolume.com,508666761-5,144-582-0473,9/22/1980,5.61044E+15
677,Arty,Pope,apopeis@tinypic.com,467374258-3,394-284-6095,7/25/1996,4.04159E+15
678,Fransisco,Brolly,fbrollyit@ibm.com,126261635-2,501-416-4131,4/26/1994,3.00307E+13
679,Bendix,Laxen,blaxeniu@yahoo.com,757005045-2,691-520-7604,12/26/1983,5.60224E+17
680,Wadsworth,Frays,wfraysiv@purevolume.com,412391794-1,933-944-3205,01/02/1985,3.5594E+15
681,Benedikta,Klimontovich,bklimontovichiw@surveymonkey.com,337901535-0,754-628-1330,12/08/1991,5.10014E+15
682,Jonis,Pieracci,jpieracciix@addthis.com,743474304-2,623-419-6130,07/10/1984,3.55723E+15
683,Winfield,Vasovic,wvasoviciy@statcounter.com,715286276-1,695-536-2545,6/26/1999,3.58557E+15
684,Adolphe,Pettiford,apettifordiz@prweb.com,059074086-5,577-753-3220,1/26/1984,3.02399E+13
685,Muffin,Hiley,mhileyj0@jugem.jp,778980762-5,409-722-6145,03/10/1980,3.58955E+15
686,Corrina,Headan,cheadanj1@opera.com,735360662-2,988-489-5883,4/17/1986,3.52853E+15
687,Melonie,Cozby,mcozbyj2@networksolutions.com,091077277-0,517-948-3947,9/14/1984,3.01008E+13
688,Brandy,Klee,bkleej3@yelp.com,884536463-1,443-515-5794,4/24/2000,5.10014E+15
689,Lydie,Mogie,lmogiej4@last.fm,315114691-0,571-737-1842,02/11/1996,3.57488E+15
690,Carrissa,Hughson,chughsonj5@illinois.edu,978027409-X,477-382-6179,11/18/1984,3.58231E+15
691,Mile,Scholler,mschollerj6@booking.com,393160579-5,716-377-5653,8/29/1992,3.74288E+14
692,Zachary,Hayth,zhaythj7@friendfeed.com,074441587-X,218-313-8304,10/25/1991,3.57319E+15
693,Sari,Andrusov,sandrusovj8@twitter.com,173840590-7,522-184-6135,2/24/1984,5.00766E+15
694,Clarice,Guttridge,cguttridgej9@elpais.com,523275109-3,195-267-9952,6/24/2000,3.62069E+13
695,Tiphanie,Currall,tcurrallja@spotify.com,162820817-1,763-538-3955,1/23/1984,6.70909E+15
696,Joye,Dawbery,jdawberyjb@mozilla.com,215322531-0,761-530-6465,4/20/1993,3.54127E+15
697,Gregorius,Acreman,gacremanjc@twitter.com,938284815-0,515-588-9648,9/27/1997,3.58433E+15
698,Meir,Romagnosi,mromagnosijd@123-reg.co.uk,200937611-0,621-456-6170,12/27/1982,4.04159E+15
699,Artemus,Suthworth,asuthworthje@t-online.de,830728794-4,648-820-8358,7/28/1983,3.53137E+15
700,Myca,Regitz,mregitzjf@com.com,789537953-4,477-359-9414,10/05/1994,3.74289E+14
701,Gayel,Munden,gmundenjg@ocn.ne.jp,851518584-9,380-621-5596,6/21/1991,3.56531E+15
702,Booth,Loges,blogesjh@google.com.hk,069123022-6,641-495-0292,1/28/1980,3.58291E+15
703,Stirling,Mc Queen,smcqueenji@whitehouse.gov,078297606-9,804-786-4193,9/26/1980,3.55856E+15
704,Cecilio,Dudlestone,cdudlestonejj@dailymail.co.uk,912403778-8,879-758-9360,8/19/1988,4.37643E+15
705,Raff,Buddell,rbuddelljk@parallels.com,089215231-1,751-934-0146,2/14/1994,3.53988E+15
706,Danielle,Castelluzzi,dcastelluzzijl@cnet.com,867931722-5,366-551-5663,1/15/1999,3.55228E+15
707,Lombard,Fominov,lfominovjm@slashdot.org,712579445-9,328-482-4448,11/06/1998,5.60222E+16
708,Brenn,Bolduc,bbolducjn@1688.com,765250684-0,481-445-0136,05/06/1986,2.01778E+14
709,Lamar,Tizzard,ltizzardjo@tmall.com,542434517-4,535-151-5789,3/15/1988,5.10014E+15
710,Ulla,Swann,uswannjp@tinypic.com,631337007-4,880-195-7650,1/21/1992,3.53893E+15
711,Scotti,Teodoro,steodorojq@disqus.com,378419304-8,852-778-4500,08/11/1992,3.58665E+15
712,Mela,Brandel,mbrandeljr@bloglines.com,131137967-3,890-705-7506,4/28/2000,3.55044E+15
713,Candra,Speenden,cspeendenjs@reddit.com,919615160-9,367-933-6616,6/23/1984,3.55083E+15
714,Charline,Bruhnke,cbruhnkejt@slate.com,697970716-7,332-961-5393,10/27/1993,3.58763E+15
715,Tabor,Ranshaw,transhawju@npr.org,688569654-4,796-899-8679,01/03/1991,3.43041E+14
716,Idell,Itzchaki,iitzchakijv@tiny.cc,746097901-5,371-661-3585,2/14/1997,3.01211E+13
717,Dalton,Du Fray,ddufrayjw@msn.com,957057264-7,995-582-2663,12/27/1988,2.01766E+14
718,Marti,Libbey,mlibbeyjx@sphinn.com,407093250-X,798-891-3304,06/09/1990,3.56263E+15
719,See,Phizacklea,sphizackleajy@canalblog.com,400528972-X,368-104-2441,1/21/1981,4.50801E+15
720,Elton,Lafontaine,elafontainejz@reverbnation.com,285320072-8,383-670-1806,9/17/1984,3.72302E+14
721,Jeniffer,Sturdgess,jsturdgessk0@merriam-webster.com,095272385-9,705-844-5120,3/31/1981,3.58237E+15
722,Barb,Ailward,bailwardk1@feedburner.com,124082362-2,311-570-5974,1/20/1990,3.55625E+15
723,Hildy,Durward,hdurwardk2@europa.eu,081902208-X,654-358-8471,4/26/1985,5.43805E+15
724,Barbe,Varnham,bvarnhamk3@unesco.org,779843852-1,976-205-3026,03/11/1988,5.04837E+15
725,Daven,Phlipon,dphliponk4@bloomberg.com,241884054-9,309-128-6840,5/28/2000,3.55133E+15
726,Law,Giovannoni,lgiovannonik5@quantcast.com,524477717-3,424-882-3246,6/17/1995,3.02352E+13
727,Cornie,Bligh,cblighk6@sphinn.com,025650262-5,920-970-7741,8/26/1991,5.03888E+16
728,Lloyd,Morch,lmorchk7@pcworld.com,728285551-X,635-853-7490,10/19/1982,5.60226E+18
729,Bernadene,Butchart,bbutchartk8@nature.com,963120216-X,129-684-4788,8/29/2000,5.47692E+15
730,Dacia,Pancast,dpancastk9@google.com.au,863073265-2,333-239-8338,10/02/1999,5.60221E+17
731,Trix,Spottiswoode,tspottiswoodeka@bigcartel.com,404705043-1,397-389-6299,11/20/1982,3.04662E+13
732,Gray,Buzek,gbuzekkb@chronoengine.com,260573923-6,716-802-1265,2/23/1991,5.60225E+17
733,Morna,Cud,mcudkc@comcast.net,770137248-2,109-804-9972,5/25/1989,3.74283E+14
734,Marius,Jendas,mjendaskd@sitemeter.com,356573859-6,310-581-2313,3/30/1991,6.76212E+18
735,Kerry,Clapshaw,kclapshawke@answers.com,130580498-8,410-670-1721,08/12/1999,3.56697E+15
736,Wayland,Josefs,wjosefskf@businessinsider.com,888962886-3,914-927-2114,4/14/2000,3.54055E+15
737,Ara,Lambe,alambekg@cbsnews.com,672235553-5,546-228-5050,11/10/1987,3.03552E+13
738,Minetta,Meynell,mmeynellkh@macromedia.com,625165732-4,993-289-1389,7/16/1998,6.30434E+15
739,Findlay,Kerford,fkerfordki@slideshare.net,722626792-6,175-120-8393,3/22/1987,3.53002E+15
740,Terrell,Kristiansen,tkristiansenkj@narod.ru,977423550-9,184-626-2352,01/08/1998,3.56923E+15
741,Cris,Haddy,chaddykk@youtube.com,695984711-7,254-308-2480,5/19/2000,3.5714E+15
742,Berkley,Mattingson,bmattingsonkl@google.pl,291047403-8,904-638-1208,11/30/1999,3.57389E+15
743,Petronilla,Pavey,ppaveykm@sogou.com,525225477-X,702-363-3527,2/20/1997,4.91115E+17
744,Tiebold,Yellowlees,tyellowleeskn@accuweather.com,992463422-5,554-248-2166,4/16/1995,3.57887E+15
745,Goldina,Mulvany,gmulvanyko@wisc.edu,498368186-8,540-829-8485,06/03/1996,5.4663E+15
746,Marylou,Tigner,mtignerkp@sciencedirect.com,813714097-2,501-597-2828,2/25/1998,3.53231E+15
747,Emlynn,Aveyard,eaveyardkq@example.com,898387541-0,397-763-7956,05/10/1999,6.70649E+15
748,Inglebert,Tinto,itintokr@prlog.org,234464721-X,587-711-5480,8/28/1992,3.58222E+15
749,Annabella,Decruse,adecruseks@hhs.gov,316310813-X,925-360-1051,2/13/1993,3.55337E+15
750,Ryley,Batsford,rbatsfordkt@cnbc.com,122611092-4,116-992-7896,01/12/1984,6.39704E+15
751,Alanson,Vogl,avoglku@google.ca,249352331-8,532-518-3359,03/08/1997,6.76736E+18
752,Budd,Wabey,bwabeykv@amazonaws.com,877894824-X,767-382-7669,6/24/1987,3.74283E+14
753,Adora,Quinet,aquinetkw@gmpg.org,778802806-1,995-503-2141,05/01/2000,5.60226E+15
754,Lucas,Idle,lidlekx@epa.gov,774417840-8,169-577-5059,3/16/1988,3.53061E+15
755,Errol,Dorrian,edorrianky@purevolume.com,713940568-9,953-473-4947,6/29/1990,3.57948E+15
756,Marne,Alibone,malibonekz@unicef.org,392693821-8,232-690-3945,05/06/1986,3.05351E+13
757,Osborn,Laydon,olaydonl0@etsy.com,055054953-6,385-358-5757,4/14/1994,3.53178E+15
758,Mortimer,Muzzlewhite,mmuzzlewhitel1@google.com.br,771505185-3,641-392-9651,3/21/1993,3.5837E+15
759,Eustacia,Skule,eskulel2@edublogs.org,508764143-1,641-411-5346,3/17/1997,4.91147E+15
760,Kira,Benge,kbengel3@google.com.hk,319485075-X,497-329-0668,10/24/1988,3.02234E+13
761,Ludwig,Tilliard,ltilliardl4@salon.com,004343187-9,577-792-9649,07/07/1994,5.61051E+15
762,Winifield,Moreman,wmoremanl5@reddit.com,314047144-0,392-178-3329,7/25/1983,6.70925E+15
763,Lucina,Lerwill,llerwilll6@nba.com,451432983-5,493-768-2324,3/31/1983,4.93684E+18
764,Trey,Pepler,tpeplerl7@pbs.org,172383048-8,968-906-5927,10/15/1991,6.38118E+15
765,Skell,Yerbury,syerburyl8@so-net.ne.jp,864337891-7,238-226-8472,09/01/1985,3.56236E+15
766,Mellie,Edwins,medwinsl9@prlog.org,333465248-3,543-864-9376,04/05/1981,5.10014E+15
767,Merola,Cowey,mcoweyla@state.tx.us,851668135-1,646-611-5146,11/28/1995,5.60225E+18
768,Mariya,Stormouth,mstormouthlb@google.com,917012623-2,672-589-3483,2/20/1985,5.60223E+15
769,Phedra,Officer,pofficerlc@com.com,398737635-X,202-343-7602,06/02/1990,5.60226E+15
770,Arron,Trembley,atrembleyld@symantec.com,132934963-6,719-668-3912,09/07/1993,3.53221E+15
771,Grant,De Andreis,gdeandreisle@altervista.org,008747051-9,259-919-2822,6/16/1997,3.55708E+15
772,Babita,Ackenhead,backenheadlf@domainmarket.com,696603543-2,930-599-3244,05/05/1997,3.02334E+13
773,Garrard,Playfair,gplayfairlg@360.cn,414624232-0,970-861-9860,02/11/1984,4.40572E+15
774,Sophie,Arthey,sartheylh@blogs.com,088191330-8,385-389-0983,5/20/1986,5.60221E+15
775,Khalil,Mapplethorpe,kmapplethorpeli@blogspot.com,638381714-0,467-548-8654,7/23/1987,5.60223E+16
776,Sigismundo,Kopke,skopkelj@google.pl,791650834-6,912-323-5195,9/27/1984,3.57575E+15
777,Blondie,Ropcke,bropckelk@arstechnica.com,078944006-7,516-981-7353,04/09/1995,3.54248E+15
778,Krisha,Hildred,khildredll@privacy.gov.au,357714875-6,542-266-1038,6/23/1985,5.60222E+17
779,Rabi,Aluard,raluardlm@tumblr.com,539411769-1,337-266-1561,05/11/1989,5.4615E+15
780,Ephrayim,Linden,elindenln@craigslist.org,975276310-3,844-214-9229,3/19/1987,3.58223E+15
781,Johnath,Osborn,josbornlo@jiathis.com,494360414-5,376-953-8315,4/16/1998,5.60224E+15
782,Bernardine,Baline,bbalinelp@gizmodo.com,064424243-4,726-623-8318,04/12/2000,3.55415E+15
783,Pauletta,Purdie,ppurdielq@businessinsider.com,787622232-3,201-430-7748,2/27/1999,5.60222E+15
784,Shannon,Hawken,shawkenlr@themeforest.net,797222648-2,469-512-6921,11/25/1998,5.64183E+18
785,Denny,Merioth,dmeriothls@stumbleupon.com,605560577-5,841-221-7701,11/02/1982,3.58113E+15
786,Orel,Headly,oheadlylt@netscape.com,398743036-2,576-170-8220,11/06/1998,5.60222E+17
787,Addy,Milbourn,amilbournlu@cbc.ca,347728264-7,700-231-8622,10/23/1985,3.72356E+14
788,Vaughan,Figg,vfigglv@huffingtonpost.com,769681399-4,524-358-3745,08/03/2000,3.57398E+15
789,Noella,Arbuckel,narbuckellw@facebook.com,747182630-4,803-547-8436,11/04/1990,3.58039E+15
790,Llewellyn,Carruthers,lcarrutherslx@nps.gov,842623334-1,498-374-8420,08/04/1995,3.57443E+15
791,Conant,Neil,cneilly@chronoengine.com,624654439-8,439-141-8616,1/15/2000,6.76296E+17
792,Christalle,Spaxman,cspaxmanlz@gizmodo.com,877524887-5,403-215-3319,12/29/1998,3.5849E+15
793,Antonella,Abramamovh,aabramamovhm0@java.com,078057371-4,137-960-6232,06/03/1999,5.03853E+16
794,Geoff,Ruddy,gruddym1@addtoany.com,015192271-3,844-759-0356,5/15/1987,3.55349E+15
795,Paula,Cypler,pcyplerm2@amazon.co.uk,912185018-6,335-255-8325,05/11/1984,3.5625E+15
796,Curry,Goodlett,cgoodlettm3@tamu.edu,630404399-6,398-217-4428,9/24/1980,3.58478E+15
797,Riannon,Mandry,rmandrym4@europa.eu,672543580-7,419-439-1969,07/07/1993,5.60224E+15
798,Ashbey,Mutton,amuttonm5@ask.com,923001300-5,568-864-2584,6/15/1998,4.02679E+15
799,Devora,Mullin,dmullinm6@youtube.com,873640602-3,520-897-7806,1/25/1994,5.26235E+15
800,Robina,Bridie,rbridiem7@youtube.com,901563568-4,553-705-4975,09/06/1981,5.89319E+18
801,Penny,Erington,peringtonm8@hubpages.com,668824428-4,893-127-6621,2/13/1996,3.53996E+15
802,Tami,Jahner,tjahnerm9@github.com,666835714-8,517-783-7854,09/04/1995,5.52474E+15
803,Coral,Semiras,csemirasma@ebay.com,559359114-8,587-739-4569,8/15/1986,3.53821E+15
804,Boonie,Sutherley,bsutherleymb@omniture.com,115779654-0,249-940-2248,10/06/1981,3.52995E+15
805,Indira,Betham,ibethammc@cornell.edu,440707818-9,844-748-2344,03/08/1987,3.02734E+13
806,Malchy,Silvers,msilversmd@china.com.cn,944546302-1,131-949-0802,10/03/1990,5.60226E+15
807,Thomasa,Gozzard,tgozzardme@nifty.com,827100760-2,985-389-1679,9/15/1987,3.54614E+15
808,Anica,Riddles,ariddlesmf@phpbb.com,157135572-3,541-252-5260,03/03/1998,3.55441E+15
809,Janina,Milberry,jmilberrymg@yelp.com,343835814-X,933-458-5860,09/05/1992,5.01817E+17
810,Berkie,Ruhben,bruhbenmh@wufoo.com,021796275-0,363-629-2891,12/11/1991,6.76794E+15
811,Vinnie,Hawley,vhawleymi@tripadvisor.com,787909202-1,419-635-7876,6/18/1984,2.01799E+14
812,Kincaid,Inchcomb,kinchcombmj@posterous.com,826652960-4,499-132-1755,6/13/1996,4.91392E+15
813,Cindra,Tudgay,ctudgaymk@nyu.edu,303930642-1,290-137-7934,03/01/2000,5.45569E+15
814,Ashton,Balderstone,abalderstoneml@exblog.jp,036571924-2,127-967-9804,01/12/1983,3.58125E+15
815,Stefan,Vellacott,svellacottmm@hp.com,038977704-8,578-597-9643,1/19/1991,5.60225E+15
816,Carolan,McPeice,cmcpeicemn@hatena.ne.jp,952473190-8,724-698-5698,05/07/1982,3.04198E+13
817,Shelby,Stollberg,sstollbergmo@booking.com,903618436-3,348-609-6072,5/22/1993,4.40579E+15
818,Beth,Caush,bcaushmp@ucoz.ru,714246169-1,301-220-7698,10/12/1988,3.55184E+15
819,Betti,Fellos,bfellosmq@nba.com,656690137-X,357-757-3113,1/15/1985,2.0145E+14
820,Norine,Paddock,npaddockmr@eventbrite.com,401983257-9,934-419-2242,12/21/1990,3.54398E+15
821,Donica,Tuison,dtuisonms@washingtonpost.com,063109871-2,722-252-1513,7/16/1986,3.64405E+13
822,Sandro,Sigward,ssigwardmt@telegraph.co.uk,725723136-2,501-552-6526,8/24/1992,3.53622E+15
823,Cristin,Ghilardini,cghilardinimu@seesaa.net,461410070-8,312-397-8259,12/08/1996,3.55486E+15
824,Glennie,Roarty,groartymv@yelp.com,146160580-6,552-613-9603,1/31/1988,3.74289E+14
825,Gustave,Arkow,garkowmw@blogspot.com,915665535-5,259-868-2714,04/09/1988,5.04838E+15
826,Aimee,Eyree,aeyreemx@nytimes.com,201904210-X,917-731-7523,5/31/1996,6.76319E+17
827,Arabella,Swindall,aswindallmy@wisc.edu,793099392-2,501-801-2084,10/05/1980,4.844E+15
828,Jameson,Greenfield,jgreenfieldmz@paginegialle.it,526390436-3,813-441-4832,02/05/1996,3.53893E+15
829,Abigale,Bonnar,abonnarn0@yolasite.com,426128288-7,481-518-9536,11/16/1984,6.76199E+18
830,Rois,McFarlan,rmcfarlann1@hp.com,976594073-4,815-489-9194,11/30/1994,3.58972E+15
831,Silvan,Huskinson,shuskinsonn2@yellowpages.com,469378190-8,723-715-7198,5/18/1980,6.33445E+15
832,Casey,Hannaby,channabyn3@ezinearticles.com,269539618-X,699-784-4743,12/27/1990,3.56654E+15
833,Samantha,Beauchop,sbeauchopn4@feedburner.com,406303921-8,275-893-0069,11/08/1988,6.30492E+15
834,Brandtr,Haggart,bhaggartn5@aboutads.info,521460101-8,236-692-5954,1/23/1984,6.75906E+15
835,Drew,Baulk,dbaulkn6@seattletimes.com,360730442-4,603-549-9331,02/07/1994,6.75932E+15
836,Percival,Longega,plongegan7@hao123.com,574848915-5,950-987-9219,03/10/1989,5.02007E+17
837,Noel,MacMoyer,nmacmoyern8@yelp.com,037917318-2,912-552-8326,5/23/1986,3.55588E+15
838,Mylo,Castillo,mcastillon9@comsenz.com,922129761-6,525-752-7592,9/14/1982,6.7632E+18
839,Nettle,Rioch,nriochna@miitbeian.gov.cn,229489450-2,797-198-1151,7/24/1993,3.54437E+15
840,Edita,Pumfrett,epumfrettnb@forbes.com,908549948-8,863-295-0998,8/21/1985,2.01456E+14
841,Moreen,Ambrosch,mambroschnc@cnn.com,538253527-2,691-505-7273,9/23/1994,4.02627E+15
842,Marinna,Nurden,mnurdennd@homestead.com,468747608-2,896-452-6552,10/08/1995,6.33485E+17
843,Carrissa,Brettelle,cbrettellene@hc360.com,568130823-5,862-534-3999,10/05/1991,5.61052E+15
844,Olive,Copin,ocopinnf@mapy.cz,890627516-1,214-806-2783,11/10/1993,4.02664E+15
845,Margy,Jennions,mjennionsng@reuters.com,928858956-2,485-595-4054,04/03/1986,5.19905E+15
846,Gloriane,Riddett,griddettnh@plala.or.jp,472546351-5,808-947-4463,7/23/1982,2.01956E+14
847,Avivah,Theaker,atheakerni@oaic.gov.au,817878359-2,859-779-5649,01/08/1988,3.54678E+15
848,Rod,Bissiker,rbissikernj@jiathis.com,488633888-7,445-674-5024,6/27/1984,6.76777E+18
849,Jaye,Alsobrook,jalsobrooknk@joomla.org,314580461-8,987-734-6860,08/10/2000,5.43599E+15
850,Kris,Terrell,kterrellnl@friendfeed.com,304560922-8,750-130-3600,02/12/1984,3.55365E+15
851,Lira,Boyen,lboyennm@spotify.com,548545203-5,936-812-4152,01/08/1989,6.76135E+16
852,Sanford,Blackhall,sblackhallnn@com.com,177307936-0,449-961-2130,12/04/1983,5.60225E+17
853,Lexine,Matanin,lmataninno@newyorker.com,403637912-7,948-437-2744,3/30/1984,6.70903E+17
854,Ransom,Glavias,rglaviasnp@google.de,999685652-6,196-187-2398,04/11/1995,5.03884E+17
855,Arabella,Steven,astevennq@microsoft.com,479666309-6,500-172-9036,04/05/1988,5.23478E+15
856,Rahel,Matkovic,rmatkovicnr@tinyurl.com,849782856-9,617-900-6779,1/13/1988,3.57555E+15
857,Ernesto,Geering,egeeringns@istockphoto.com,069794487-5,313-295-6471,05/02/1988,3.54281E+15
858,Tallie,Ducket,tducketnt@diigo.com,955282477-X,567-133-6040,04/04/1989,3.58835E+15
859,Nadine,Garrit,ngarritnu@netscape.com,547297369-4,993-477-8871,05/09/1996,3.55304E+15
860,Sylvester,de Broke,sdebrokenv@joomla.org,863658669-0,646-122-1232,09/11/1995,3.61244E+13
861,Ferd,Hensmans,fhensmansnw@biblegateway.com,776891887-8,734-631-4758,11/05/1990,3.0388E+13
862,Bell,Fetherstan,bfetherstannx@berkeley.edu,449619278-0,893-834-2499,09/01/1996,5.46688E+15
863,Wilton,O'Noulane,wonoulaneny@sitemeter.com,240167244-3,394-707-8997,1/20/1985,3.54257E+15
864,Gretal,Reddyhoff,greddyhoffnz@a8.net,483731099-0,293-337-2937,10/24/1998,3.56588E+15
865,Killie,Boshers,kbosherso0@senate.gov,708018958-6,290-941-7526,4/17/1998,3.57511E+15
866,Anatol,Evenden,aevendeno1@springer.com,703256217-5,346-135-6808,03/08/1998,3.74289E+14
867,Judith,Menary,jmenaryo2@china.com.cn,694767659-2,717-407-1449,02/02/1984,3.53329E+15
868,Hersch,Pach,hpacho3@photobucket.com,681934533-X,813-722-1967,1/23/1987,6.75925E+15
869,Kirstyn,Suatt,ksuatto4@qq.com,323958318-6,913-285-1268,11/20/1985,6.33328E+17
870,Camilla,Whitby,cwhitbyo5@twitpic.com,373726586-0,931-695-5021,7/27/1991,4.9368E+18
871,Bunnie,MacGaughy,bmacgaughyo6@skyrock.com,613530754-1,881-129-3934,3/24/1986,4.02636E+15
872,Rosella,Varian,rvariano7@artisteer.com,277757740-4,887-754-4930,01/11/1985,3.58134E+15
873,Ervin,McPartling,emcpartlingo8@princeton.edu,064584212-5,721-516-1823,12/05/1984,3.04287E+13
874,Ezequiel,Ricket,ericketo9@youtu.be,387252545-X,113-132-3323,2/22/1999,3.58159E+15
875,Fraser,Ruppert,fruppertoa@g.co,000541171-8,581-573-2689,08/05/1997,5.04837E+15
876,Shelton,Wiley,swileyob@salon.com,689765527-9,872-254-3345,8/23/1983,4.04138E+15
877,Denna,Vear,dvearoc@google.nl,837397607-8,967-615-7357,9/29/1989,5.20448E+15
878,Caleb,Levi,cleviod@alibaba.com,182330435-4,933-258-7499,11/06/2000,3.55939E+15
879,Paul,Malpass,pmalpassoe@sitemeter.com,726766366-4,558-139-6011,07/06/1992,4.9051E+18
880,Louisa,Kerton,lkertonof@freewebs.com,613418785-2,315-195-8455,02/06/1995,6.76244E+15
881,Elsey,Vedenisov,evedenisovog@discuz.net,472631906-X,727-377-5495,09/10/1981,3.5448E+15
882,Reinold,Underdown,runderdownoh@barnesandnoble.com,218531097-6,641-654-6958,3/25/1990,3.5553E+15
883,Camey,Surridge,csurridgeoi@mail.ru,568792823-5,816-843-7883,07/02/1988,3.54595E+15
884,Rosamond,Layburn,rlayburnoj@blinklist.com,481319721-3,485-758-9713,05/01/1992,3.58722E+15
885,Elwin,Bramont,ebramontok@ehow.com,585175578-4,314-821-9981,7/16/1984,3.54532E+15
886,Judas,Bewshea,jbewsheaol@jalbum.net,033365074-3,572-462-8923,05/09/1990,6.7716E+17
887,Emlynn,Yule,eyuleom@bbc.co.uk,841427462-5,595-759-0715,04/02/1993,3.5873E+15
888,Stern,Crate,scrateon@wired.com,860655969-5,809-730-1278,11/20/1986,3.58673E+15
889,Dawn,Phlippi,dphlippioo@archive.org,205217554-7,925-186-6475,04/04/1998,6.75946E+15
890,Paddy,Gilligan,pgilliganop@nba.com,238338141-1,599-213-5921,08/04/1996,5.52036E+15
891,Stern,Tolumello,stolumellooq@google.it,382106482-X,704-260-2340,08/09/1981,3.54781E+15
892,Melisse,Boam,mboamor@addtoany.com,596480179-X,908-358-6790,04/01/1982,5.60223E+15
893,Markos,Cromie,mcromieos@constantcontact.com,670303491-5,854-762-9185,02/01/1988,3.55439E+15
894,Katya,Swanwick,kswanwickot@photobucket.com,039221875-5,103-441-4402,12/12/1995,4.01795E+15
895,Shane,Smedmore,ssmedmoreou@mtv.com,125506696-2,447-869-9190,02/08/1986,6.77189E+16
896,Reena,Clell,rclellov@omniture.com,110101106-8,718-171-0202,11/17/1999,3.58629E+15
897,Aleda,Starkey,astarkeyow@squidoo.com,760959525-X,766-482-2304,4/23/1993,3.58856E+15
898,Johna,Sarsons,jsarsonsox@bizjournals.com,943066027-6,745-966-4136,03/10/1988,5.00236E+15
899,Carmen,Kyndred,ckyndredoy@smugmug.com,850904107-5,846-342-0088,11/05/1989,3.57726E+15
900,Waite,Crielly,wcriellyoz@nyu.edu,648478994-0,786-401-3108,9/22/1989,5.60223E+18
901,Emmaline,Altoft,ealtoftp0@mediafire.com,004926476-1,332-411-9923,05/11/1996,3.54231E+15
902,Bjorn,Valentin,bvalentinp1@webnode.com,777470392-6,850-911-8684,12/26/1991,3.55371E+15
903,Alden,Liddard,aliddardp2@tinypic.com,783980012-2,106-781-7680,07/11/1981,3.58005E+15
904,Aura,Andrag,aandragp3@mysql.com,923090116-4,911-382-4859,5/30/1996,6.70626E+15
905,Cyrillus,Andrassy,candrassyp4@yellowbook.com,760771560-6,668-193-7855,12/02/1996,5.57094E+15
906,Cherin,Ferrarotti,cferrarottip5@comcast.net,277179206-0,483-979-6859,11/18/1979,4.42702E+12
907,Lib,Albrighton,lalbrightonp6@cyberchimps.com,638027454-5,682-343-6567,5/18/1990,5.01012E+15
908,Ginnifer,Poad,gpoadp7@apache.org,589170779-9,412-286-8509,3/13/1996,5.60224E+17
909,Debbi,Tuckerman,dtuckermanp8@netscape.com,090416594-9,531-172-6654,1/16/1993,5.01012E+15
910,Nevil,Howlett,nhowlettp9@clickbank.net,447329222-3,584-124-6563,01/03/1995,6.30414E+17
911,Benn,Guilaem,bguilaempa@liveinternet.ru,052353023-4,834-746-7440,3/19/1986,5.10875E+15
912,Donavon,Jakeway,djakewaypb@domainmarket.com,733605590-7,806-324-0371,02/07/1991,5.89352E+18
913,Riordan,Aisman,raismanpc@tumblr.com,936224587-6,289-688-2092,4/16/1986,3.55839E+15
914,Ralph,Roman,rromanpd@4shared.com,928002143-5,469-607-4612,09/11/1981,3.54435E+15
915,Clarette,Ludlom,cludlompe@census.gov,850426357-6,760-690-2125,06/09/2000,3.57073E+15
916,Cara,Saphir,csaphirpf@weebly.com,861624020-9,196-915-5831,9/22/1998,3.58387E+15
917,Vidovic,Tupman,vtupmanpg@constantcontact.com,611204070-0,458-825-8281,05/03/1996,3.58013E+15
918,Laurens,Hanks,lhanksph@google.ca,490656570-0,510-696-4990,9/22/1992,3.58622E+15
919,Consolata,Chrichton,cchrichtonpi@google.com.au,028664331-6,765-149-9040,8/30/1994,5.60222E+16
920,Tiffy,Dobel,tdobelpj@mlb.com,825821110-2,485-206-6388,8/31/1992,6.3774E+15
921,Bonny,Blacklawe,bblacklawepk@usatoday.com,914333026-6,180-459-7644,3/14/1994,3.57674E+15
922,Nigel,Seifenmacher,nseifenmacherpl@live.com,280748621-5,547-496-7918,8/29/1980,3.74622E+14
923,Dawna,Cawley,dcawleypm@tiny.cc,494289463-8,865-189-8490,2/26/1996,6.30459E+16
924,Padriac,Jacqueme,pjacquemepn@twitpic.com,031789465-X,228-133-5337,08/08/1992,3.5576E+15
925,Whitney,Steuhlmeyer,wsteuhlmeyerpo@last.fm,092550287-1,417-967-8001,10/12/2000,3.54739E+15
926,Fawnia,Skyppe,fskyppepp@ucla.edu,970000410-4,896-797-1430,9/26/1999,3.37941E+14
927,Adelheid,Wescott,awescottpq@goo.gl,705429170-0,138-778-4648,10/17/1996,3.56475E+15
928,Keenan,Benn,kbennpr@mozilla.com,909616530-6,153-928-4764,09/11/1987,2.01779E+14
929,Ferrell,Perelli,fperellips@upenn.edu,607092625-0,998-941-2569,01/03/1993,3.72301E+14
930,Berenice,Mercer,bmercerpt@ca.gov,979016542-0,997-889-7766,12/31/1995,3.57915E+15
931,Antin,Innis,ainnispu@indiegogo.com,086703813-6,228-820-1514,2/18/1987,6.38913E+15
932,Henderson,Risbrough,hrisbroughpv@wired.com,573353517-2,827-138-9576,2/24/1994,3.58876E+15
933,Ardis,De La Hay,adelahaypw@icq.com,060553762-3,731-953-7489,01/06/1994,3.54889E+15
934,Emlen,Harbar,eharbarpx@princeton.edu,489244664-5,605-266-0465,8/17/1994,3.52924E+15
935,Emile,Dickon,edickonpy@dailymotion.com,285906929-1,272-106-9037,7/31/1999,3.02331E+13
936,Jamill,Pawel,jpawelpz@is.gd,850650726-X,293-933-9901,02/02/1985,3.55148E+15
937,Joshua,Lecount,jlecountq0@ebay.com,882988415-4,279-202-6562,07/05/1998,4.17501E+15
938,Clio,Liff,cliffq1@blogger.com,423893612-4,449-126-0492,06/12/2000,3.74288E+14
939,Darn,Malinson,dmalinsonq2@taobao.com,274251386-8,235-119-0372,9/21/1986,5.02037E+17
940,Nadeen,Loody,nloodyq3@java.com,888871607-6,993-833-8798,05/05/1997,4.91738E+15
941,Arly,Clother,aclotherq4@dagondesign.com,839821242-X,913-716-5451,3/16/1980,5.01835E+18
942,Barbara,Palfrie,bpalfrieq5@sciencedirect.com,931171339-2,720-705-3654,10/16/1987,3.56226E+15
943,Gus,Glazier,gglazierq6@businessinsider.com,347232304-3,787-649-7554,12/25/1988,3.56108E+15
944,Freida,Jakovijevic,fjakovijevicq7@trellian.com,700995490-9,915-822-3348,8/20/1994,3.54779E+15
945,Layney,Bofield,lbofieldq8@homestead.com,475404984-5,998-308-0643,09/06/1985,3.58332E+15
946,Reilly,Grice,rgriceq9@redcross.org,827381511-0,539-612-1365,11/14/1996,3.55084E+15
947,Lamont,Pankethman,lpankethmanqa@bing.com,937955750-7,252-375-8615,5/24/1995,5.10015E+15
948,Borg,Andrez,bandrezqb@blogtalkradio.com,369516792-0,602-288-2692,01/01/1998,3.58138E+15
949,Ernie,Wigginton,ewiggintonqc@whitehouse.gov,125379803-6,954-596-5801,9/17/1981,3.54856E+15
950,Roxi,Skellington,rskellingtonqd@over-blog.com,827218916-X,426-596-1293,01/12/1989,5.04838E+15
951,Jilly,Marchment,jmarchmentqe@youku.com,029103317-2,285-626-7766,02/10/1980,5.47296E+15
952,Latashia,Cale,lcaleqf@aboutads.info,676485918-3,915-631-3936,06/02/1980,3.57124E+15
953,Jorrie,Conningham,jconninghamqg@paypal.com,328663940-0,118-107-8505,11/24/1996,4.90573E+17
954,Darb,Freckleton,dfreckletonqh@twitter.com,634955734-4,702-379-3975,11/10/1990,3.55482E+15
955,Sammy,Gradon,sgradonqi@prnewswire.com,544685126-9,375-932-6347,1/26/1999,2.01835E+14
956,Iorgos,Rucklidge,irucklidgeqj@nbcnews.com,889529929-9,563-657-6497,08/07/1998,6.75922E+16
957,Odele,Mussilli,omussilliqk@wikispaces.com,673292309-9,153-337-2181,5/14/1998,5.60224E+15
958,Hertha,Jakel,hjakelql@tamu.edu,783888837-9,336-506-7547,5/31/1985,6.77116E+16
959,Hill,Diment,hdimentqm@wix.com,531371775-8,785-559-6832,1/18/1997,2.0183E+14
960,Camilla,Corington,ccoringtonqn@nps.gov,892408917-X,988-625-3744,10/03/1991,5.60223E+17
961,Bren,Done,bdoneqo@reverbnation.com,528822959-7,730-839-1654,10/23/1997,5.50027E+15
962,Lind,Weddup,lweddupqp@google.pl,119883776-4,100-600-1740,6/26/1989,3.55745E+15
963,Washington,Trenear,wtrenearqq@soundcloud.com,534769547-1,930-845-4070,1/28/1989,2.01596E+14
964,Gardiner,Tummasutti,gtummasuttiqr@noaa.gov,348095799-4,547-842-3197,6/26/1998,6.33482E+15
965,Maynard,MacDunlevy,mmacdunlevyqs@tumblr.com,355999888-3,928-459-3570,10/25/2000,3.57158E+15
966,Katuscha,Bridgwood,kbridgwoodqt@qq.com,406137406-0,438-450-0264,2/23/2000,3.53967E+15
967,Muriel,Capinetti,mcapinettiqu@geocities.jp,329663290-5,699-967-0421,5/31/1998,3.56036E+15
968,Kerrill,Yakob,kyakobqv@marriott.com,498936941-6,299-204-5056,02/11/1986,3.55843E+15
969,Sonnie,Joss,sjossqw@sitemeter.com,412816470-4,275-534-1172,11/24/1989,5.53039E+15
970,Brendan,Llorente,bllorenteqx@shutterfly.com,110138949-4,146-332-7904,7/31/1990,3.55057E+15
971,Roselle,Tremayle,rtremayleqy@kickstarter.com,055957263-8,438-635-0800,11/27/1985,5.01013E+15
972,Darwin,Rosendahl,drosendahlqz@toplist.cz,011857107-9,211-752-8323,12/31/1982,5.10017E+15
973,Maggie,Peckham,mpeckhamr0@odnoklassniki.ru,161519615-3,384-476-3548,2/24/1994,5.48281E+15
974,Lilah,Novotni,lnovotnir1@woothemes.com,086412085-0,938-514-0413,05/11/1980,4.84493E+15
975,Mada,Van der Beek,mvanderbeekr2@xrea.com,543998853-X,714-370-4286,04/12/1998,3.53486E+15
976,Vittoria,Planks,vplanksr3@weibo.com,574948363-0,570-255-0610,06/02/1991,3.55807E+15
977,Jojo,Furneaux,jfurneauxr4@pinterest.com,482318415-7,456-926-5508,09/03/1989,6.39365E+15
978,Ara,Bernette,abernetter5@baidu.com,416995195-6,737-854-3708,10/26/1997,4.17501E+15
979,Elyssa,Whitter,ewhitterr6@narod.ru,350375400-8,158-311-4132,01/02/2000,3.53419E+15
980,Flora,Symson,fsymsonr7@ustream.tv,871050306-4,277-718-4822,4/18/1994,5.57645E+15
981,Barton,Kenn,bkennr8@etsy.com,035857268-1,970-617-3191,01/07/1988,3.57679E+15
982,Pail,Heintzsch,pheintzschr9@biglobe.ne.jp,429189811-8,481-274-2883,07/03/2000,3.58794E+15
983,Rod,Dekeyser,rdekeyserra@bizjournals.com,004678786-0,918-510-7572,7/30/1994,3.58844E+15
984,Stirling,Dilrew,sdilrewrb@auda.org.au,707247044-1,820-854-0130,02/02/1993,5.01817E+15
985,Virginia,Kasperski,vkasperskirc@symantec.com,076807331-6,330-886-7801,9/24/1993,5.60224E+15
986,Arnaldo,Clew,aclewrd@weibo.com,130231222-7,105-745-5071,12/12/1993,3.58708E+15
987,Catlin,Rousel,crouselre@howstuffworks.com,446730481-9,602-307-8756,07/01/1999,3.57363E+15
988,Logan,Beverage,lbeveragerf@reference.com,648806833-4,524-506-9429,2/27/1992,3.55985E+15
989,Kerianne,Sewards,ksewardsrg@msn.com,115962746-0,265-600-3892,12/19/1995,4.84418E+15
990,Haleigh,Crabb,hcrabbrh@europa.eu,874755641-2,902-160-3092,09/01/1985,3.58421E+15
991,Linette,Wibrow,lwibrowri@spotify.com,207610684-7,334-510-4039,1/28/1997,3.53163E+15
992,Laurianne,Maciak,lmaciakrj@msu.edu,271802197-7,755-506-5179,9/23/1980,3.56691E+15
993,Dodi,Burgher,dburgherrk@ehow.com,141930463-1,374-268-9533,09/03/1980,5.60224E+15
994,Ilse,Kinahan,ikinahanrl@engadget.com,899900998-X,833-127-5007,4/29/1998,3.53457E+15
995,Kahlil,Lipgens,klipgensrm@seattletimes.com,480281233-7,626-793-4081,3/26/1994,5.60222E+16
996,Raynard,Noir,rnoirrn@craigslist.org,953702233-1,824-107-8035,6/18/1999,2.01833E+14
997,Keane,Dartan,kdartanro@nyu.edu,777546932-3,119-433-6434,1/19/1986,3.57475E+15
998,Renard,Cookson,rcooksonrp@simplemachines.org,209274846-7,911-510-1384,03/09/1994,3.00578E+13
999,Sayre,Danilenko,sdanilenkorq@canalblog.com,194962009-3,141-564-2456,3/14/1991,2.01739E+14
1000,Lotti,Pfeiffer,lpfeifferrr@icq.com,313474675-1,979-813-4434,9/29/1988,3.74289E+14
