Nombre,Dirección,Ciudad,Teléfono,Email
O,773 Canary Drive,Tegucigalpa,596-342-3586,leberle0@people.com.cn
F,643 Blackbird Lane,San Pedro Sula,546-616-9970,jsanham1@google.ca
I,78032 West Lane,Tegucigalpa,740-226-9201,vgold2@symantec.com
I,251 Roxbury Drive,Tegucigalpa,283-553-1085,cchinnock3@shareasale.com
C,009 Carioca Circle,Tegucigalpa,627-978-6284,jmegainey4@wikimedia.org
B,88 Florence Junction,San Pedro Sula,487-297-5769,swild5@cnn.com
F,3 Oxford Pass,Tegucigalpa,597-468-0969,thazlehurst6@ibm.com
E,50000 Bultman Center,Tegucigalpa,843-464-7195,htappin7@home.pl
A,5899 Lawn Court,Tegucigalpa,314-446-0599,mcramphorn8@storify.com
L,4 Anzinger Center,Tegucigalpa,452-347-6488,ckeyson9@intel.com
A,58 Esker Hill,Tegucigalpa,250-675-6268,fshawdfortha@live.com
O,9 Vernon Junction,Tegucigalpa,983-582-4708,aswainstonb@globo.com
A,5484 Straubel Plaza,Tegucigalpa,823-875-6199,hshrubbc@nature.com
C,6857 Utah Way,Tegucigalpa,386-368-0921,gtussained@51.la
B,036 Hollow Ridge Parkway,San Pedro Sula,392-271-7231,jvogle@stanford.edu
